Workbook

Sheet Competencias_actuales
B1: Competencias actuales del laboratorio
A2: =VALUE(LEFT(F4,FIND(" - ",F4)-1)) -> 795
D3: Nombre del Curso | F3: =IFERROR(__xludf.DUMMYFUNCTION("VLOOKUP(A2,IMPORTRANGE(""1j2lHEvOoZ_EPY086Qt7f7AFaZGVfiYKJxXlsnNfWCA0"", ""Listado Cursos!$A$2:$H$100""),2,FALSE)"),"Logica de Sitemas") -> Logica de Sitemas
D4: Código del Curso | F4: 795 - Logica de Sitemas
D5: Semestre | F5: =IFERROR(__xludf.DUMMYFUNCTION("VLOOKUP(A2,IMPORTRANGE(""1j2lHEvOoZ_EPY086Qt7f7AFaZGVfiYKJxXlsnNfWCA0"", ""Listado Cursos!A:G""),4,FALSE)"),3.0) -> 3
D6: Área de Conocimiento | F6: =IFERROR(__xludf.DUMMYFUNCTION("VLOOKUP(A2,IMPORTRANGE(""1j2lHEvOoZ_EPY086Qt7f7AFaZGVfiYKJxXlsnNfWCA0"", ""Listado Cursos!A:G""),6,FALSE)"),"Sistemas") -> Sistemas
D7: Cantidad de Creditos | F7: =IFERROR(__xludf.DUMMYFUNCTION("VLOOKUP(A2,IMPORTRANGE(""1j2lHEvOoZ_EPY086Qt7f7AFaZGVfiYKJxXlsnNfWCA0"", ""Listado Cursos!A:G""),3,FALSE)"),3.0) -> 3
D8: Horas de aprendizaje | F8: 4
B11: Descripción del Contexto
B13: Que cursos prerrequisito tiene | F13: Cursos que lleva en el mismo semestre | J13: Qué cursos posteriores dependen de este
B14: No. | C14: Codigo | D14: Nombre | F14: No. | G14: Codigo | H14: Nombre | J14: No. | K14: Codigo | L14: Nombre
B15: 1 | C15: =IFERROR(__xludf.DUMMYFUNCTION("ARRAYFORMULA(TRANSPOSE(SPLIT(FILTER(IMPORTRANGE(""1j2lHEvOoZ_EPY086Qt7f7AFaZGVfiYKJxXlsnNfWCA0"", ""Listado Cursos!E:E""), IMPORTRANGE(""1j2lHEvOoZ_EPY086Qt7f7AFaZGVfiYKJxXlsnNfWCA0"", ""Listado Cursos!A:A"")=A2), "","")))"),103.0) -> 103 | D15: =IFERROR(__xludf.DUMMYFUNCTION("IF(C15="""","""",VLOOKUP(C15,IMPORTRANGE(""1j2lHEvOoZ_EPY086Qt7f7AFaZGVfiYKJxXlsnNfWCA0"", ""Listado Cursos!A:B""),2,FALSE))"),"Área Matemática Básica 2") -> Área Matemática Básica 2 | F15: 1 | G15: =IFERROR(__xludf.DUMMYFUNCTION("FILTER(IMPORTRANGE(""1j2lHEvOoZ_EPY086Qt7f7AFaZGVfiYKJxXlsnNfWCA0"", ""Listado Cursos!A:B""),IMPORTRANGE(""1j2lHEvOoZ_EPY086Qt7f7AFaZGVfiYKJxXlsnNfWCA0"", ""Listado Cursos!D:D"")=F5,IMPORTRANGE(""1j2lHEvOoZ_EPY086Qt7f7AFaZGVfiYKJxXlsnNfWCA0"", ""Listado C"&"ursos!A:A"")<>150)"),795.0) -> 795 | H15: =IFERROR(__xludf.DUMMYFUNCTION("""COMPUTED_VALUE"""),"Logica de Sitemas") -> Logica de Sitemas | J15: 1 | K15: =IFERROR(__xludf.DUMMYFUNCTION("FILTER(IMPORTRANGE(""1j2lHEvOoZ_EPY086Qt7f7AFaZGVfiYKJxXlsnNfWCA0"", ""Listado Cursos!A:B""), ISNUMBER(SEARCH(A2, IMPORTRANGE(""1j2lHEvOoZ_EPY086Qt7f7AFaZGVfiYKJxXlsnNfWCA0"", ""Listado Cursos!E:E""))))"),796.0) -> 796 | L15: =IFERROR(__xludf.DUMMYFUNCTION("""COMPUTED_VALUE"""),"Lenguajes Formales y de Programación") -> Lenguajes Formales y de Programación
B16: 2 | C16: =IFERROR(__xludf.DUMMYFUNCTION("""COMPUTED_VALUE"""),147.0) -> 147 | D16: =IFERROR(__xludf.DUMMYFUNCTION("IF(C16="""","""",VLOOKUP(C16,IMPORTRANGE(""1j2lHEvOoZ_EPY086Qt7f7AFaZGVfiYKJxXlsnNfWCA0"", ""Listado Cursos!A:B""),2,FALSE))"),"Física Básica") -> Física Básica | F16: 2 | G16: =IFERROR(__xludf.DUMMYFUNCTION("""COMPUTED_VALUE"""),962.0) -> 962 | H16: =IFERROR(__xludf.DUMMYFUNCTION("""COMPUTED_VALUE"""),"Matemática Para Computación 2") -> Matemática Para Computación 2 | J16: 2 | K16: =IFERROR(__xludf.DUMMYFUNCTION("""COMPUTED_VALUE"""),771.0) -> 771 | L16: =IFERROR(__xludf.DUMMYFUNCTION("""COMPUTED_VALUE"""),"Introducción a la Programación y Computación 2") -> Introducción a la Programación y Computación 2
B17: 3 | C17: =IFERROR(__xludf.DUMMYFUNCTION("""COMPUTED_VALUE"""),960.0) -> 960 | D17: =IFERROR(__xludf.DUMMYFUNCTION("IF(C17="""","""",VLOOKUP(C17,IMPORTRANGE(""1j2lHEvOoZ_EPY086Qt7f7AFaZGVfiYKJxXlsnNfWCA0"", ""Listado Cursos!A:B""),2,FALSE))"),"Matemática Para Computación 1") -> Matemática Para Computación 1 | F17: 3 | G17: =IFERROR(__xludf.DUMMYFUNCTION("""COMPUTED_VALUE"""),770.0) -> 770 | H17: =IFERROR(__xludf.DUMMYFUNCTION("""COMPUTED_VALUE"""),"Introducción a ala programación y computación 1") -> Introducción a ala programación y computación 1 | J17: 3
B18: 4 | D18: =IFERROR(__xludf.DUMMYFUNCTION("IF(C18="""","""",VLOOKUP(C18,IMPORTRANGE(""1j2lHEvOoZ_EPY086Qt7f7AFaZGVfiYKJxXlsnNfWCA0"", ""Listado Cursos!A:B""),2,FALSE))"),"") | F18: 4 | G18: =IFERROR(__xludf.DUMMYFUNCTION("""COMPUTED_VALUE"""),107.0) -> 107 | H18: =IFERROR(__xludf.DUMMYFUNCTION("""COMPUTED_VALUE"""),"Área Matemática Intermedia 1") -> Área Matemática Intermedia 1 | J18: 4
B19: 5 | D19: =IFERROR(__xludf.DUMMYFUNCTION("IF(C19="""","""",VLOOKUP(C19,IMPORTRANGE(""1j2lHEvOoZ_EPY086Qt7f7AFaZGVfiYKJxXlsnNfWCA0"", ""Listado Cursos!A:B""),2,FALSE))"),"") | F19: 5 | G19: =IFERROR(__xludf.DUMMYFUNCTION("""COMPUTED_VALUE"""),1.0) -> 1 | H19: =IFERROR(__xludf.DUMMYFUNCTION("""COMPUTED_VALUE"""),"Ética Profesional") -> Ética Profesional | J19: 5
B20: 6 | D20: =IFERROR(__xludf.DUMMYFUNCTION("IF(C20="""","""",VLOOKUP(C20,IMPORTRANGE(""1j2lHEvOoZ_EPY086Qt7f7AFaZGVfiYKJxXlsnNfWCA0"", ""Listado Cursos!A:B""),2,FALSE))"),"") | F20: 6 | G20: =IFERROR(__xludf.DUMMYFUNCTION("""COMPUTED_VALUE"""),9.0) -> 9 | H20: =IFERROR(__xludf.DUMMYFUNCTION("""COMPUTED_VALUE"""),"Idioma Técnico 3") -> Idioma Técnico 3 | J20: 6
B21: 7 | D21: =IFERROR(__xludf.DUMMYFUNCTION("IF(C21="""","""",VLOOKUP(C21,IMPORTRANGE(""1j2lHEvOoZ_EPY086Qt7f7AFaZGVfiYKJxXlsnNfWCA0"", ""Listado Cursos!A:B""),2,FALSE))"),"") | F21: 7 | G21: =IFERROR(__xludf.DUMMYFUNCTION("""COMPUTED_VALUE"""),92.0) -> 92 | H21: =IFERROR(__xludf.DUMMYFUNCTION("""COMPUTED_VALUE"""),"Programacion de Computadoras 2") -> Programacion de Computadoras 2 | J21: 7
B22: 8 | D22: =IFERROR(__xludf.DUMMYFUNCTION("IF(C22="""","""",VLOOKUP(C22,IMPORTRANGE(""1j2lHEvOoZ_EPY086Qt7f7AFaZGVfiYKJxXlsnNfWCA0"", ""Listado Cursos!A:B""),2,FALSE))"),"") | F22: 8 | G22: =IFERROR(__xludf.DUMMYFUNCTION("""COMPUTED_VALUE"""),89.0) -> 89 | H22: =IFERROR(__xludf.DUMMYFUNCTION("""COMPUTED_VALUE"""),"Comunicación Asertiva") -> Comunicación Asertiva | J22: 8
B23: 9 | D23: =IFERROR(__xludf.DUMMYFUNCTION("IF(C23="""","""",VLOOKUP(C23,IMPORTRANGE(""1j2lHEvOoZ_EPY086Qt7f7AFaZGVfiYKJxXlsnNfWCA0"", ""Listado Cursos!A:B""),2,FALSE))"),"") | F23: 9 | J23: 9
B24: 10 | D24: =IFERROR(__xludf.DUMMYFUNCTION("IF(C24="""","""",VLOOKUP(C24,IMPORTRANGE(""1j2lHEvOoZ_EPY086Qt7f7AFaZGVfiYKJxXlsnNfWCA0"", ""Listado Cursos!A:B""),2,FALSE))"),"") | F24: 10 | J24: 10
B25: 11 | D25: =IFERROR(__xludf.DUMMYFUNCTION("IF(C25="""","""",VLOOKUP(C25,IMPORTRANGE(""1j2lHEvOoZ_EPY086Qt7f7AFaZGVfiYKJxXlsnNfWCA0"", ""Listado Cursos!A:B""),2,FALSE))"),"") | F25: 11 | J25: 11
B26: 12 | D26: =IFERROR(__xludf.DUMMYFUNCTION("IF(C26="""","""",VLOOKUP(C26,IMPORTRANGE(""1j2lHEvOoZ_EPY086Qt7f7AFaZGVfiYKJxXlsnNfWCA0"", ""Listado Cursos!A:B""),2,FALSE))"),"") | F26: 12 | J26: 12
B27: 13 | D27: =IFERROR(__xludf.DUMMYFUNCTION("IF(C27="""","""",VLOOKUP(C27,IMPORTRANGE(""1j2lHEvOoZ_EPY086Qt7f7AFaZGVfiYKJxXlsnNfWCA0"", ""Listado Cursos!A:B""),2,FALSE))"),"") | F27: 13 | J27: 13
B28: 14 | D28: =IFERROR(__xludf.DUMMYFUNCTION("IF(C28="""","""",VLOOKUP(C28,IMPORTRANGE(""1j2lHEvOoZ_EPY086Qt7f7AFaZGVfiYKJxXlsnNfWCA0"", ""Listado Cursos!A:B""),2,FALSE))"),"") | F28: 14 | J28: 14
B31: Competencias Actuales
B33: No. | C33: Tipo | D33: Competencia | L33: Nivel de la Taxonomina
B34: =IFERROR(__xludf.DUMMYFUNCTION("FILTER(METADA!D2:D17, ISEVEN(ROW(METADA!D2:D17)))"),1.0) -> 1 | C34: =IFERROR(__xludf.DUMMYFUNCTION("FILTER(METADA!E2:E17, ISEVEN(ROW(METADA!E2:E17)))"),"Especifica") -> Especifica | D34: =IFERROR(__xludf.DUMMYFUNCTION("FILTER(METADA!E2:E17, ISODD(ROW(METADA!E2:E17)))"),"Identifica los tipos de bloqueos mentales mediante el análisis de casos y experiencias personales en situaciones que dificultan la resolución de problemas ") -> Identifica los tipos de bloqueos mentales mediante el análisis de casos y experiencias personales en situaciones que dificultan la resolución de problemas | L34: =IFERROR(__xludf.DUMMYFUNCTION("FILTER(METADA!L2:L17, ISEVEN(ROW(METADA!L2:L17)))"),"Recordar") -> Recordar
B35: =IFERROR(__xludf.DUMMYFUNCTION("""COMPUTED_VALUE"""),2.0) -> 2 | C35: =IFERROR(__xludf.DUMMYFUNCTION("""COMPUTED_VALUE"""),"Especifica") -> Especifica | D35: =IFERROR(__xludf.DUMMYFUNCTION("""COMPUTED_VALUE"""),"Define las diferencias entre lógica formal, matemática y sistémica con base en ejemplos prácticos y ejercicios comparativos dentro de contextos académicos del curso ") -> Define las diferencias entre lógica formal, matemática y sistémica con base en ejemplos prácticos y ejercicios comparativos dentro de contextos académicos del curso | L35: =IFERROR(__xludf.DUMMYFUNCTION("""COMPUTED_VALUE"""),"Comprensión") -> Comprensión
B36: =IFERROR(__xludf.DUMMYFUNCTION("""COMPUTED_VALUE"""),3.0) -> 3 | C36: =IFERROR(__xludf.DUMMYFUNCTION("""COMPUTED_VALUE"""),"Especifica") -> Especifica | D36: =IFERROR(__xludf.DUMMYFUNCTION("""COMPUTED_VALUE"""),"Construye árboles lógicos y tríadas de conceptos utilizando los contenidos desarrollados durante el curso para representar estructuras lógicas de pensamiento ") -> Construye árboles lógicos y tríadas de conceptos utilizando los contenidos desarrollados durante el curso para representar estructuras lógicas de pensamiento | L36: =IFERROR(__xludf.DUMMYFUNCTION("""COMPUTED_VALUE"""),"Crear") -> Crear
B37: =IFERROR(__xludf.DUMMYFUNCTION("""COMPUTED_VALUE"""),4.0) -> 4 | C37: =IFERROR(__xludf.DUMMYFUNCTION("""COMPUTED_VALUE"""),"Especifica") -> Especifica | D37: =IFERROR(__xludf.DUMMYFUNCTION("""COMPUTED_VALUE"""),"Reconoce proposiciones y razonamientos en el lenguaje por medio del análisis de textos y enunciados para distinguir los componentes lógicos del lenguaje ") -> Reconoce proposiciones y razonamientos en el lenguaje por medio del análisis de textos y enunciados para distinguir los componentes lógicos del lenguaje | L37: =IFERROR(__xludf.DUMMYFUNCTION("""COMPUTED_VALUE"""),"Recordar") -> Recordar
B38: =IFERROR(__xludf.DUMMYFUNCTION("""COMPUTED_VALUE"""),5.0) -> 5 | C38: =IFERROR(__xludf.DUMMYFUNCTION("""COMPUTED_VALUE"""),"Especifica") -> Especifica | D38: =IFERROR(__xludf.DUMMYFUNCTION("""COMPUTED_VALUE"""),"Evalua razonamientos y falacias utilizando ejercicios escritos y discusiones dirigidas en la resolución de dilemas lógicos ") -> Evalua razonamientos y falacias utilizando ejercicios escritos y discusiones dirigidas en la resolución de dilemas lógicos | L38: =IFERROR(__xludf.DUMMYFUNCTION("""COMPUTED_VALUE"""),"Evaluar") -> Evaluar
B39: =IFERROR(__xludf.DUMMYFUNCTION("""COMPUTED_VALUE"""),6.0) -> 6 | C39: =IFERROR(__xludf.DUMMYFUNCTION("""COMPUTED_VALUE"""),"General") -> General | D39: =IFERROR(__xludf.DUMMYFUNCTION("""COMPUTED_VALUE"""),"Comprende los modelos mentales y paradigmas mediante el análisis de ejemplos y situaciones cotidianas en actividades de reflexión y discusión grupal ") -> Comprende los modelos mentales y paradigmas mediante el análisis de ejemplos y situaciones cotidianas en actividades de reflexión y discusión grupal | L39: =IFERROR(__xludf.DUMMYFUNCTION("""COMPUTED_VALUE"""),"Comprensión") -> Comprensión
B40: =IFERROR(__xludf.DUMMYFUNCTION("""COMPUTED_VALUE"""),7.0) -> 7 | C40: =IFERROR(__xludf.DUMMYFUNCTION("""COMPUTED_VALUE"""),"Especifica") -> Especifica | D40: =IFERROR(__xludf.DUMMYFUNCTION("""COMPUTED_VALUE"""),"Reconoce los principios fundamentales de la lógica mediante el análisis de enunciados y situaciones cotidianas que permitan desarrollar habilidades de pensamiento crítico y razonamiento válido") -> Reconoce los principios fundamentales de la lógica mediante el análisis de enunciados y situaciones cotidianas que permitan desarrollar habilidades de pensamiento crítico y razonamiento válido

Sheet Referentes Internacionales
B1: Identificación de referentes internacionales
B3: Nombre del Curso | C3: =Competencias_actuales!F3 -> Logica de Sitemas
B4: Codigo del Curso | C4: 795
B6: 1. Universidad Refente
B7: Analiza cursos similares en universidades internacionales reconocidas (como MIT, Stanford o ETH Zurich) para comparar temas, herramientas y competencias. Esto permite identificar buenas prácticas y alinear el laboratorio con tendencias globales en educación tecnológica.
B9: Nombre de la Universidad | C9: Brown University
B10: Nombre del Curso | C10: Logica para sistemas
B11: Fuente de Información | C11: https://cs.brown.edu/courses/
B13: Temas relacionados al laboratorio que se imparte
B14: Modelado con lógica -> Unidad 3 y 4 Especificación y razonamiento sobre sistemas -> Unidad 4 y 5
B17: Herramientas utilizadas relacionados al laboratorio que se imparte
B18: Arboles logicos
B21: Competencia(s) relacionada(s) al laboratorio que se imparte
B22: - Comprende las diferencias entre lógica formal, matemática y sistémica a través del análisis comparativo en ejercicios y situaciones académicas - Analiza proposiciones y razonamientos en el lenguaje identificando premisas, conclusiones y sus relaciones lógicas dentro de textos y enunciados
B26: 2. Estandar Internacional
B27: Se identifican estándares internacionales relevantes (como ABET, CDIO o IEEE/ACM) para verificar si el laboratorio cumple con criterios de calidad educativa, competencias clave y buenas prácticas recomendadas a nivel global.
B29: Nombre del Estandar | C29: ABET
B30: Sección , Capitulo , etc, | C30: General Criterion 3: Student Outcomes (apartados 1–6)
B31: Funte de Información | C31: https://www.abet.org/wp-content/uploads/2023/05/C001_CAC-Criteria_2023-2024.pdf
B33: Contenidos relacionados al laboratorio que se imparte
B34: - Lógica proposicional, tablas de verdad, razonamiento válido - Creatividad y paradigmas como habilidades transversales
B37: Nombre del Estandar | C37: ACM/IEEE Computer Science Curricula 2013
B38: Sección , Capitulo , etc, | C38: - Discrete Structures (DS) – DS1: Logic and Proofs - Discrete Structures (DS) – DS2: Boolean Algebra, Propositional Logic - Software Engineering (SE) – Modeling and Verification - Professional Practice (SP) – Problem Solving, Critical Thinking
B39: Funte de Información | C39: https://www.acm.org/education/curricula-recommendations
B41: Contenidos relacionados al laboratorio que se imparte
B42: - Lógica proposicional, tablas de verdad, razonamiento válido - Desarrollo de pensamiento crítico y creativo

Sheet TCO_vrs_Referentes
B1: Comparación con referentes internacionales
A2: =C4&" - "&C3 -> 795 - Logica de Sitemas
B3: Nombre del Curso | C3: =Competencias_actuales!F3 -> Logica de Sitemas
B4: Codigo del Curso | C4: =Competencias_actuales!A2 -> 795
B6: Laboratorio Actual | F6: Universidad Referente | G6: Estandar Referente
B7: Competencia | C7: Unidad | D7: Tema | E7: SubTema | F7: Presente en el referente (Sí/No) | G7: Presente en el referente (Sí/No)
B8: =IFERROR(__xludf.DUMMYFUNCTION("QUERY(IMPORTRANGE(VLOOKUP(A2,METADA!A:B,2,FALSE), ""Diseño Curricular!B4:E500""), )"),"Identifica los tipos de bloqueos mentales mediante el análisis de casos y experiencias personales en situaciones que dificultan la resolución de problemas ") -> Identifica los tipos de bloqueos mentales mediante el análisis de casos y experiencias personales en situaciones que dificultan la resolución de problemas | C8: =IFERROR(__xludf.DUMMYFUNCTION("""COMPUTED_VALUE"""),"Unidad 1: La creatividad y bloqueos mentales") -> Unidad 1: La creatividad y bloqueos mentales | D8: =IFERROR(__xludf.DUMMYFUNCTION("""COMPUTED_VALUE"""),"La creatividad") -> La creatividad | E8: =IFERROR(__xludf.DUMMYFUNCTION("""COMPUTED_VALUE"""),"¿Qué es la creatividad?") -> ¿Qué es la creatividad? | F8: No | G8: Sí
B9: =IFERROR(__xludf.DUMMYFUNCTION("""COMPUTED_VALUE"""),"Identifica los tipos de bloqueos mentales mediante el análisis de casos y experiencias personales en situaciones que dificultan la resolución de problemas ") -> Identifica los tipos de bloqueos mentales mediante el análisis de casos y experiencias personales en situaciones que dificultan la resolución de problemas | C9: =IFERROR(__xludf.DUMMYFUNCTION("""COMPUTED_VALUE"""),"Unidad 1: La creatividad y bloqueos mentales") -> Unidad 1: La creatividad y bloqueos mentales | D9: =IFERROR(__xludf.DUMMYFUNCTION("""COMPUTED_VALUE"""),"La creatividad") -> La creatividad | E9: =IFERROR(__xludf.DUMMYFUNCTION("""COMPUTED_VALUE"""),"Pasos en la resolución de problemas") -> Pasos en la resolución de problemas | F9: No | G9: Sí
B10: =IFERROR(__xludf.DUMMYFUNCTION("""COMPUTED_VALUE"""),"Identifica los tipos de bloqueos mentales mediante el análisis de casos y experiencias personales en situaciones que dificultan la resolución de problemas ") -> Identifica los tipos de bloqueos mentales mediante el análisis de casos y experiencias personales en situaciones que dificultan la resolución de problemas | C10: =IFERROR(__xludf.DUMMYFUNCTION("""COMPUTED_VALUE"""),"Unidad 1: La creatividad y bloqueos mentales") -> Unidad 1: La creatividad y bloqueos mentales | D10: =IFERROR(__xludf.DUMMYFUNCTION("""COMPUTED_VALUE"""),"La creatividad") -> La creatividad | E10: =IFERROR(__xludf.DUMMYFUNCTION("""COMPUTED_VALUE"""),"Bloqueos mentales") -> Bloqueos mentales | F10: No | G10: Sí
B11: =IFERROR(__xludf.DUMMYFUNCTION("""COMPUTED_VALUE"""),"Identifica los tipos de bloqueos mentales mediante el análisis de casos y experiencias personales en situaciones que dificultan la resolución de problemas ") -> Identifica los tipos de bloqueos mentales mediante el análisis de casos y experiencias personales en situaciones que dificultan la resolución de problemas | C11: =IFERROR(__xludf.DUMMYFUNCTION("""COMPUTED_VALUE"""),"Unidad 1: La creatividad y bloqueos mentales") -> Unidad 1: La creatividad y bloqueos mentales | D11: =IFERROR(__xludf.DUMMYFUNCTION("""COMPUTED_VALUE"""),"La creatividad") -> La creatividad | E11: =IFERROR(__xludf.DUMMYFUNCTION("""COMPUTED_VALUE"""),"Práctica de la creatividad") -> Práctica de la creatividad | F11: No | G11: Sí
B12: =IFERROR(__xludf.DUMMYFUNCTION("""COMPUTED_VALUE"""),"Identifica los tipos de bloqueos mentales mediante el análisis de casos y experiencias personales en situaciones que dificultan la resolución de problemas ") -> Identifica los tipos de bloqueos mentales mediante el análisis de casos y experiencias personales en situaciones que dificultan la resolución de problemas | C12: =IFERROR(__xludf.DUMMYFUNCTION("""COMPUTED_VALUE"""),"Unidad 1: La creatividad y bloqueos mentales") -> Unidad 1: La creatividad y bloqueos mentales | D12: =IFERROR(__xludf.DUMMYFUNCTION("""COMPUTED_VALUE"""),"La creatividad") -> La creatividad | E12: =IFERROR(__xludf.DUMMYFUNCTION("""COMPUTED_VALUE"""),"Técnicas para producir ideas") -> Técnicas para producir ideas | F12: No | G12: Sí
B13: =IFERROR(__xludf.DUMMYFUNCTION("""COMPUTED_VALUE"""),"Identifica los tipos de bloqueos mentales mediante el análisis de casos y experiencias personales en situaciones que dificultan la resolución de problemas ") -> Identifica los tipos de bloqueos mentales mediante el análisis de casos y experiencias personales en situaciones que dificultan la resolución de problemas | C13: =IFERROR(__xludf.DUMMYFUNCTION("""COMPUTED_VALUE"""),"Unidad 1: La creatividad y bloqueos mentales") -> Unidad 1: La creatividad y bloqueos mentales | D13: =IFERROR(__xludf.DUMMYFUNCTION("""COMPUTED_VALUE"""),"La creatividad") -> La creatividad | E13: =IFERROR(__xludf.DUMMYFUNCTION("""COMPUTED_VALUE"""),"Como hacer mas eficiente la mente") -> Como hacer mas eficiente la mente | F13: No | G13: Sí
B14: =IFERROR(__xludf.DUMMYFUNCTION("""COMPUTED_VALUE"""),"Identifica los tipos de bloqueos mentales mediante el análisis de casos y experiencias personales en situaciones que dificultan la resolución de problemas ") -> Identifica los tipos de bloqueos mentales mediante el análisis de casos y experiencias personales en situaciones que dificultan la resolución de problemas | C14: =IFERROR(__xludf.DUMMYFUNCTION("""COMPUTED_VALUE"""),"Unidad 1: La creatividad y bloqueos mentales") -> Unidad 1: La creatividad y bloqueos mentales | D14: =IFERROR(__xludf.DUMMYFUNCTION("""COMPUTED_VALUE"""),"La creatividad") -> La creatividad | E14: =IFERROR(__xludf.DUMMYFUNCTION("""COMPUTED_VALUE"""),"Método para ser más eficiente ") -> Método para ser más eficiente | F14: No | G14: Sí
B15: =IFERROR(__xludf.DUMMYFUNCTION("""COMPUTED_VALUE"""),"Identifica los tipos de bloqueos mentales mediante el análisis de casos y experiencias personales en situaciones que dificultan la resolución de problemas ") -> Identifica los tipos de bloqueos mentales mediante el análisis de casos y experiencias personales en situaciones que dificultan la resolución de problemas | C15: =IFERROR(__xludf.DUMMYFUNCTION("""COMPUTED_VALUE"""),"Unidad 1: La creatividad y bloqueos mentales") -> Unidad 1: La creatividad y bloqueos mentales | D15: =IFERROR(__xludf.DUMMYFUNCTION("""COMPUTED_VALUE"""),"Modelos Mentales") -> Modelos Mentales | E15: =IFERROR(__xludf.DUMMYFUNCTION("""COMPUTED_VALUE"""),"Bloqueos perceptivos") -> Bloqueos perceptivos | F15: No | G15: Sí
B16: =IFERROR(__xludf.DUMMYFUNCTION("""COMPUTED_VALUE"""),"Identifica los tipos de bloqueos mentales mediante el análisis de casos y experiencias personales en situaciones que dificultan la resolución de problemas ") -> Identifica los tipos de bloqueos mentales mediante el análisis de casos y experiencias personales en situaciones que dificultan la resolución de problemas | C16: =IFERROR(__xludf.DUMMYFUNCTION("""COMPUTED_VALUE"""),"Unidad 1: La creatividad y bloqueos mentales") -> Unidad 1: La creatividad y bloqueos mentales | D16: =IFERROR(__xludf.DUMMYFUNCTION("""COMPUTED_VALUE"""),"Modelos Mentales") -> Modelos Mentales | E16: =IFERROR(__xludf.DUMMYFUNCTION("""COMPUTED_VALUE"""),"Bloqueos emocionales") -> Bloqueos emocionales | F16: No | G16: Sí
B17: =IFERROR(__xludf.DUMMYFUNCTION("""COMPUTED_VALUE"""),"Identifica los tipos de bloqueos mentales mediante el análisis de casos y experiencias personales en situaciones que dificultan la resolución de problemas ") -> Identifica los tipos de bloqueos mentales mediante el análisis de casos y experiencias personales en situaciones que dificultan la resolución de problemas | C17: =IFERROR(__xludf.DUMMYFUNCTION("""COMPUTED_VALUE"""),"Unidad 1: La creatividad y bloqueos mentales") -> Unidad 1: La creatividad y bloqueos mentales | D17: =IFERROR(__xludf.DUMMYFUNCTION("""COMPUTED_VALUE"""),"Modelos Mentales") -> Modelos Mentales | E17: =IFERROR(__xludf.DUMMYFUNCTION("""COMPUTED_VALUE"""),"Bloqueos culturales") -> Bloqueos culturales | F17: No | G17: Sí
B18: =IFERROR(__xludf.DUMMYFUNCTION("""COMPUTED_VALUE"""),"Identifica los tipos de bloqueos mentales mediante el análisis de casos y experiencias personales en situaciones que dificultan la resolución de problemas ") -> Identifica los tipos de bloqueos mentales mediante el análisis de casos y experiencias personales en situaciones que dificultan la resolución de problemas | C18: =IFERROR(__xludf.DUMMYFUNCTION("""COMPUTED_VALUE"""),"Unidad 1: La creatividad y bloqueos mentales") -> Unidad 1: La creatividad y bloqueos mentales | D18: =IFERROR(__xludf.DUMMYFUNCTION("""COMPUTED_VALUE"""),"Modelos Mentales") -> Modelos Mentales | E18: =IFERROR(__xludf.DUMMYFUNCTION("""COMPUTED_VALUE"""),"Bloqueos ambientales") -> Bloqueos ambientales | F18: No | G18: Sí
B19: =IFERROR(__xludf.DUMMYFUNCTION("""COMPUTED_VALUE"""),"Identifica los tipos de bloqueos mentales mediante el análisis de casos y experiencias personales en situaciones que dificultan la resolución de problemas ") -> Identifica los tipos de bloqueos mentales mediante el análisis de casos y experiencias personales en situaciones que dificultan la resolución de problemas | C19: =IFERROR(__xludf.DUMMYFUNCTION("""COMPUTED_VALUE"""),"Unidad 1: La creatividad y bloqueos mentales") -> Unidad 1: La creatividad y bloqueos mentales | D19: =IFERROR(__xludf.DUMMYFUNCTION("""COMPUTED_VALUE"""),"Modelos Mentales") -> Modelos Mentales | E19: =IFERROR(__xludf.DUMMYFUNCTION("""COMPUTED_VALUE"""),"Bloqueos intelectuales") -> Bloqueos intelectuales | F19: No | G19: Sí
B20: =IFERROR(__xludf.DUMMYFUNCTION("""COMPUTED_VALUE"""),"Identifica los tipos de bloqueos mentales mediante el análisis de casos y experiencias personales en situaciones que dificultan la resolución de problemas ") -> Identifica los tipos de bloqueos mentales mediante el análisis de casos y experiencias personales en situaciones que dificultan la resolución de problemas | C20: =IFERROR(__xludf.DUMMYFUNCTION("""COMPUTED_VALUE"""),"Unidad 1: La creatividad y bloqueos mentales") -> Unidad 1: La creatividad y bloqueos mentales | D20: =IFERROR(__xludf.DUMMYFUNCTION("""COMPUTED_VALUE"""),"Modelos Mentales") -> Modelos Mentales | E20: =IFERROR(__xludf.DUMMYFUNCTION("""COMPUTED_VALUE"""),"Bloqueos expresivos") -> Bloqueos expresivos | F20: No | G20: Sí
B21: =IFERROR(__xludf.DUMMYFUNCTION("""COMPUTED_VALUE"""),"Reconoce los principios fundamentales de la lógica mediante el análisis de enunciados y situaciones cotidianas que permitan desarrollar habilidades de pensamiento crítico y razonamiento válido") -> Reconoce los principios fundamentales de la lógica mediante el análisis de enunciados y situaciones cotidianas que permitan desarrollar habilidades de pensamiento crítico y razonamiento válido | C21: =IFERROR(__xludf.DUMMYFUNCTION("""COMPUTED_VALUE"""),"Unidad 2: Lógica") -> Unidad 2: Lógica | D21: =IFERROR(__xludf.DUMMYFUNCTION("""COMPUTED_VALUE"""),"Lógica") -> Lógica | E21: =IFERROR(__xludf.DUMMYFUNCTION("""COMPUTED_VALUE"""),"Introducción a la Lógica") -> Introducción a la Lógica | F21: Sí | G21: Sí
B22: =IFERROR(__xludf.DUMMYFUNCTION("""COMPUTED_VALUE"""),"Reconoce los principios fundamentales de la lógica mediante el análisis de enunciados y situaciones cotidianas que permitan desarrollar habilidades de pensamiento crítico y razonamiento válido") -> Reconoce los principios fundamentales de la lógica mediante el análisis de enunciados y situaciones cotidianas que permitan desarrollar habilidades de pensamiento crítico y razonamiento válido | C22: =IFERROR(__xludf.DUMMYFUNCTION("""COMPUTED_VALUE"""),"Unidad 2: Lógica") -> Unidad 2: Lógica | D22: =IFERROR(__xludf.DUMMYFUNCTION("""COMPUTED_VALUE"""),"Lógica") -> Lógica | E22: =IFERROR(__xludf.DUMMYFUNCTION("""COMPUTED_VALUE"""),"Etimologia de la Lógica") -> Etimologia de la Lógica | F22: No | G22: Sí
B23: =IFERROR(__xludf.DUMMYFUNCTION("""COMPUTED_VALUE"""),"Reconoce los principios fundamentales de la lógica mediante el análisis de enunciados y situaciones cotidianas que permitan desarrollar habilidades de pensamiento crítico y razonamiento válido") -> Reconoce los principios fundamentales de la lógica mediante el análisis de enunciados y situaciones cotidianas que permitan desarrollar habilidades de pensamiento crítico y razonamiento válido | C23: =IFERROR(__xludf.DUMMYFUNCTION("""COMPUTED_VALUE"""),"Unidad 2: Lógica") -> Unidad 2: Lógica | D23: =IFERROR(__xludf.DUMMYFUNCTION("""COMPUTED_VALUE"""),"Lógica") -> Lógica | E23: =IFERROR(__xludf.DUMMYFUNCTION("""COMPUTED_VALUE"""),"Pensar y Razonar") -> Pensar y Razonar | F23: No | G23: Sí
B24: =IFERROR(__xludf.DUMMYFUNCTION("""COMPUTED_VALUE"""),"Reconoce los principios fundamentales de la lógica mediante el análisis de enunciados y situaciones cotidianas que permitan desarrollar habilidades de pensamiento crítico y razonamiento válido") -> Reconoce los principios fundamentales de la lógica mediante el análisis de enunciados y situaciones cotidianas que permitan desarrollar habilidades de pensamiento crítico y razonamiento válido | C24: =IFERROR(__xludf.DUMMYFUNCTION("""COMPUTED_VALUE"""),"Unidad 2: Lógica") -> Unidad 2: Lógica | D24: =IFERROR(__xludf.DUMMYFUNCTION("""COMPUTED_VALUE"""),"Lógica") -> Lógica | E24: =IFERROR(__xludf.DUMMYFUNCTION("""COMPUTED_VALUE"""),"Razonamiento Lógico") -> Razonamiento Lógico | F24: Sí | G24: Sí
B25: =IFERROR(__xludf.DUMMYFUNCTION("""COMPUTED_VALUE"""),"Reconoce los principios fundamentales de la lógica mediante el análisis de enunciados y situaciones cotidianas que permitan desarrollar habilidades de pensamiento crítico y razonamiento válido") -> Reconoce los principios fundamentales de la lógica mediante el análisis de enunciados y situaciones cotidianas que permitan desarrollar habilidades de pensamiento crítico y razonamiento válido | C25: =IFERROR(__xludf.DUMMYFUNCTION("""COMPUTED_VALUE"""),"Unidad 2: Lógica") -> Unidad 2: Lógica | D25: =IFERROR(__xludf.DUMMYFUNCTION("""COMPUTED_VALUE"""),"Lógica") -> Lógica | E25: =IFERROR(__xludf.DUMMYFUNCTION("""COMPUTED_VALUE"""),"Relación entre la Lógica y otras Ciencias") -> Relación entre la Lógica y otras Ciencias | F25: Sí | G25: Sí
B26: =IFERROR(__xludf.DUMMYFUNCTION("""COMPUTED_VALUE"""),"Reconoce los principios fundamentales de la lógica mediante el análisis de enunciados y situaciones cotidianas que permitan desarrollar habilidades de pensamiento crítico y razonamiento válido") -> Reconoce los principios fundamentales de la lógica mediante el análisis de enunciados y situaciones cotidianas que permitan desarrollar habilidades de pensamiento crítico y razonamiento válido | C26: =IFERROR(__xludf.DUMMYFUNCTION("""COMPUTED_VALUE"""),"Unidad 2: Lógica") -> Unidad 2: Lógica | D26: =IFERROR(__xludf.DUMMYFUNCTION("""COMPUTED_VALUE"""),"Lógica") -> Lógica | E26: =IFERROR(__xludf.DUMMYFUNCTION("""COMPUTED_VALUE"""),"Reduccionimo Lógico") -> Reduccionimo Lógico | F26: No | G26: Sí
B27: =IFERROR(__xludf.DUMMYFUNCTION("""COMPUTED_VALUE"""),"Reconoce los principios fundamentales de la lógica mediante el análisis de enunciados y situaciones cotidianas que permitan desarrollar habilidades de pensamiento crítico y razonamiento válido") -> Reconoce los principios fundamentales de la lógica mediante el análisis de enunciados y situaciones cotidianas que permitan desarrollar habilidades de pensamiento crítico y razonamiento válido | C27: =IFERROR(__xludf.DUMMYFUNCTION("""COMPUTED_VALUE"""),"Unidad 2: Lógica") -> Unidad 2: Lógica | D27: =IFERROR(__xludf.DUMMYFUNCTION("""COMPUTED_VALUE"""),"Lógica") -> Lógica | E27: =IFERROR(__xludf.DUMMYFUNCTION("""COMPUTED_VALUE"""),"Lógica y Psicología") -> Lógica y Psicología | F27: No | G27: Sí
B28: =IFERROR(__xludf.DUMMYFUNCTION("""COMPUTED_VALUE"""),"Reconoce los principios fundamentales de la lógica mediante el análisis de enunciados y situaciones cotidianas que permitan desarrollar habilidades de pensamiento crítico y razonamiento válido") -> Reconoce los principios fundamentales de la lógica mediante el análisis de enunciados y situaciones cotidianas que permitan desarrollar habilidades de pensamiento crítico y razonamiento válido | C28: =IFERROR(__xludf.DUMMYFUNCTION("""COMPUTED_VALUE"""),"Unidad 2: Lógica") -> Unidad 2: Lógica | D28: =IFERROR(__xludf.DUMMYFUNCTION("""COMPUTED_VALUE"""),"La Lógica y otras Ciencias") -> La Lógica y otras Ciencias | E28: =IFERROR(__xludf.DUMMYFUNCTION("""COMPUTED_VALUE"""),"Lógica y Sociología") -> Lógica y Sociología | F28: No | G28: Sí
B29: =IFERROR(__xludf.DUMMYFUNCTION("""COMPUTED_VALUE"""),"Reconoce los principios fundamentales de la lógica mediante el análisis de enunciados y situaciones cotidianas que permitan desarrollar habilidades de pensamiento crítico y razonamiento válido") -> Reconoce los principios fundamentales de la lógica mediante el análisis de enunciados y situaciones cotidianas que permitan desarrollar habilidades de pensamiento crítico y razonamiento válido | C29: =IFERROR(__xludf.DUMMYFUNCTION("""COMPUTED_VALUE"""),"Unidad 2: Lógica") -> Unidad 2: Lógica | D29: =IFERROR(__xludf.DUMMYFUNCTION("""COMPUTED_VALUE"""),"La Lógica y otras Ciencias") -> La Lógica y otras Ciencias | E29: =IFERROR(__xludf.DUMMYFUNCTION("""COMPUTED_VALUE"""),"Lógica y Matemáticas") -> Lógica y Matemáticas | F29: No | G29: Sí
B30: =IFERROR(__xludf.DUMMYFUNCTION("""COMPUTED_VALUE"""),"Reconoce los principios fundamentales de la lógica mediante el análisis de enunciados y situaciones cotidianas que permitan desarrollar habilidades de pensamiento crítico y razonamiento válido") -> Reconoce los principios fundamentales de la lógica mediante el análisis de enunciados y situaciones cotidianas que permitan desarrollar habilidades de pensamiento crítico y razonamiento válido | C30: =IFERROR(__xludf.DUMMYFUNCTION("""COMPUTED_VALUE"""),"Unidad 2: Lógica") -> Unidad 2: Lógica | D30: =IFERROR(__xludf.DUMMYFUNCTION("""COMPUTED_VALUE"""),"La Lógica y otras Ciencias") -> La Lógica y otras Ciencias | E30: =IFERROR(__xludf.DUMMYFUNCTION("""COMPUTED_VALUE"""),"Lógica y Gramática") -> Lógica y Gramática | F30: No | G30: Sí
B31: =IFERROR(__xludf.DUMMYFUNCTION("""COMPUTED_VALUE"""),"Reconoce los principios fundamentales de la lógica mediante el análisis de enunciados y situaciones cotidianas que permitan desarrollar habilidades de pensamiento crítico y razonamiento válido") -> Reconoce los principios fundamentales de la lógica mediante el análisis de enunciados y situaciones cotidianas que permitan desarrollar habilidades de pensamiento crítico y razonamiento válido | C31: =IFERROR(__xludf.DUMMYFUNCTION("""COMPUTED_VALUE"""),"Unidad 2: Lógica") -> Unidad 2: Lógica | D31: =IFERROR(__xludf.DUMMYFUNCTION("""COMPUTED_VALUE"""),"La Lógica y otras Ciencias") -> La Lógica y otras Ciencias | E31: =IFERROR(__xludf.DUMMYFUNCTION("""COMPUTED_VALUE"""),"Lógica y Filosofía") -> Lógica y Filosofía | F31: No | G31: Sí
B32: =IFERROR(__xludf.DUMMYFUNCTION("""COMPUTED_VALUE"""),"Reconoce los principios fundamentales de la lógica mediante el análisis de enunciados y situaciones cotidianas que permitan desarrollar habilidades de pensamiento crítico y razonamiento válido") -> Reconoce los principios fundamentales de la lógica mediante el análisis de enunciados y situaciones cotidianas que permitan desarrollar habilidades de pensamiento crítico y razonamiento válido | C32: =IFERROR(__xludf.DUMMYFUNCTION("""COMPUTED_VALUE"""),"Unidad 2: Lógica") -> Unidad 2: Lógica | D32: =IFERROR(__xludf.DUMMYFUNCTION("""COMPUTED_VALUE"""),"La Lógica y otras Ciencias") -> La Lógica y otras Ciencias | E32: =IFERROR(__xludf.DUMMYFUNCTION("""COMPUTED_VALUE"""),"Definición de la Lógica como Ciencia") -> Definición de la Lógica como Ciencia | F32: Sí | G32: Sí
B33: =IFERROR(__xludf.DUMMYFUNCTION("""COMPUTED_VALUE"""),"Reconoce los principios fundamentales de la lógica mediante el análisis de enunciados y situaciones cotidianas que permitan desarrollar habilidades de pensamiento crítico y razonamiento válido") -> Reconoce los principios fundamentales de la lógica mediante el análisis de enunciados y situaciones cotidianas que permitan desarrollar habilidades de pensamiento crítico y razonamiento válido | C33: =IFERROR(__xludf.DUMMYFUNCTION("""COMPUTED_VALUE"""),"Unidad 2: Lógica") -> Unidad 2: Lógica | D33: =IFERROR(__xludf.DUMMYFUNCTION("""COMPUTED_VALUE"""),"La Lógica y otras Ciencias") -> La Lógica y otras Ciencias | E33: =IFERROR(__xludf.DUMMYFUNCTION("""COMPUTED_VALUE"""),"Estructura Fundamental de la Lógica") -> Estructura Fundamental de la Lógica | F33: No | G33: Sí
B34: =IFERROR(__xludf.DUMMYFUNCTION("""COMPUTED_VALUE"""),"Reconoce los principios fundamentales de la lógica mediante el análisis de enunciados y situaciones cotidianas que permitan desarrollar habilidades de pensamiento crítico y razonamiento válido") -> Reconoce los principios fundamentales de la lógica mediante el análisis de enunciados y situaciones cotidianas que permitan desarrollar habilidades de pensamiento crítico y razonamiento válido | C34: =IFERROR(__xludf.DUMMYFUNCTION("""COMPUTED_VALUE"""),"Unidad 2: Lógica") -> Unidad 2: Lógica | D34: =IFERROR(__xludf.DUMMYFUNCTION("""COMPUTED_VALUE"""),"La Lógica y otras Ciencias") -> La Lógica y otras Ciencias | E34: =IFERROR(__xludf.DUMMYFUNCTION("""COMPUTED_VALUE"""),"La Apofántica") -> La Apofántica | F34: No | G34: Sí
B35: =IFERROR(__xludf.DUMMYFUNCTION("""COMPUTED_VALUE"""),"Identifica los tipos de bloqueos mentales mediante el análisis de casos y experiencias personales en situaciones que dificultan la resolución de problemas ") -> Identifica los tipos de bloqueos mentales mediante el análisis de casos y experiencias personales en situaciones que dificultan la resolución de problemas | C35: =IFERROR(__xludf.DUMMYFUNCTION("""COMPUTED_VALUE"""),"Primer Parcial Unidad 1 y 2") -> Primer Parcial Unidad 1 y 2 | D35: =IFERROR(__xludf.DUMMYFUNCTION("""COMPUTED_VALUE"""),"Primer Parcial Unidad 1 y 2") -> Primer Parcial Unidad 1 y 2 | E35: =IFERROR(__xludf.DUMMYFUNCTION("""COMPUTED_VALUE"""),"Pasos en la resolución de problemas") -> Pasos en la resolución de problemas | F35: No | G35: Sí
B36: =IFERROR(__xludf.DUMMYFUNCTION("""COMPUTED_VALUE"""),"Identifica los tipos de bloqueos mentales mediante el análisis de casos y experiencias personales en situaciones que dificultan la resolución de problemas ") -> Identifica los tipos de bloqueos mentales mediante el análisis de casos y experiencias personales en situaciones que dificultan la resolución de problemas | C36: =IFERROR(__xludf.DUMMYFUNCTION("""COMPUTED_VALUE"""),"Primer Parcial Unidad 1 y 2") -> Primer Parcial Unidad 1 y 2 | D36: =IFERROR(__xludf.DUMMYFUNCTION("""COMPUTED_VALUE"""),"Primer Parcial Unidad 1 y 2") -> Primer Parcial Unidad 1 y 2 | E36: =IFERROR(__xludf.DUMMYFUNCTION("""COMPUTED_VALUE"""),"Técnicas para producir ideas") -> Técnicas para producir ideas | F36: No | G36: Sí
B37: =IFERROR(__xludf.DUMMYFUNCTION("""COMPUTED_VALUE"""),"Identifica los tipos de bloqueos mentales mediante el análisis de casos y experiencias personales en situaciones que dificultan la resolución de problemas ") -> Identifica los tipos de bloqueos mentales mediante el análisis de casos y experiencias personales en situaciones que dificultan la resolución de problemas | C37: =IFERROR(__xludf.DUMMYFUNCTION("""COMPUTED_VALUE"""),"Primer Parcial Unidad 1 y 2") -> Primer Parcial Unidad 1 y 2 | D37: =IFERROR(__xludf.DUMMYFUNCTION("""COMPUTED_VALUE"""),"Primer Parcial Unidad 1 y 2") -> Primer Parcial Unidad 1 y 2 | E37: =IFERROR(__xludf.DUMMYFUNCTION("""COMPUTED_VALUE"""),"Método para ser más eficiente ") -> Método para ser más eficiente | F37: No | G37: Sí
B38: =IFERROR(__xludf.DUMMYFUNCTION("""COMPUTED_VALUE"""),"Identifica los tipos de bloqueos mentales mediante el análisis de casos y experiencias personales en situaciones que dificultan la resolución de problemas ") -> Identifica los tipos de bloqueos mentales mediante el análisis de casos y experiencias personales en situaciones que dificultan la resolución de problemas | C38: =IFERROR(__xludf.DUMMYFUNCTION("""COMPUTED_VALUE"""),"Primer Parcial Unidad 1 y 2") -> Primer Parcial Unidad 1 y 2 | D38: =IFERROR(__xludf.DUMMYFUNCTION("""COMPUTED_VALUE"""),"Primer Parcial Unidad 1 y 2") -> Primer Parcial Unidad 1 y 2 | E38: =IFERROR(__xludf.DUMMYFUNCTION("""COMPUTED_VALUE"""),"Bloqueos mentales") -> Bloqueos mentales | F38: No | G38: Sí
B39: =IFERROR(__xludf.DUMMYFUNCTION("""COMPUTED_VALUE"""),"Reconoce los principios fundamentales de la lógica mediante el análisis de enunciados y situaciones cotidianas que permitan desarrollar habilidades de pensamiento crítico y razonamiento válido") -> Reconoce los principios fundamentales de la lógica mediante el análisis de enunciados y situaciones cotidianas que permitan desarrollar habilidades de pensamiento crítico y razonamiento válido | C39: =IFERROR(__xludf.DUMMYFUNCTION("""COMPUTED_VALUE"""),"Primer Parcial Unidad 1 y 2") -> Primer Parcial Unidad 1 y 2 | D39: =IFERROR(__xludf.DUMMYFUNCTION("""COMPUTED_VALUE"""),"Primer Parcial Unidad 1 y 2") -> Primer Parcial Unidad 1 y 2 | E39: =IFERROR(__xludf.DUMMYFUNCTION("""COMPUTED_VALUE"""),"Introducción a la Lógica") -> Introducción a la Lógica | F39: No | G39: Sí
B40: =IFERROR(__xludf.DUMMYFUNCTION("""COMPUTED_VALUE"""),"Reconoce los principios fundamentales de la lógica mediante el análisis de enunciados y situaciones cotidianas que permitan desarrollar habilidades de pensamiento crítico y razonamiento válido") -> Reconoce los principios fundamentales de la lógica mediante el análisis de enunciados y situaciones cotidianas que permitan desarrollar habilidades de pensamiento crítico y razonamiento válido | C40: =IFERROR(__xludf.DUMMYFUNCTION("""COMPUTED_VALUE"""),"Primer Parcial Unidad 1 y 2") -> Primer Parcial Unidad 1 y 2 | D40: =IFERROR(__xludf.DUMMYFUNCTION("""COMPUTED_VALUE"""),"Primer Parcial Unidad 1 y 2") -> Primer Parcial Unidad 1 y 2 | E40: =IFERROR(__xludf.DUMMYFUNCTION("""COMPUTED_VALUE"""),"Razonamiento Lógico") -> Razonamiento Lógico | F40: No | G40: Sí
B41: =IFERROR(__xludf.DUMMYFUNCTION("""COMPUTED_VALUE"""),"Reconoce los principios fundamentales de la lógica mediante el análisis de enunciados y situaciones cotidianas que permitan desarrollar habilidades de pensamiento crítico y razonamiento válido") -> Reconoce los principios fundamentales de la lógica mediante el análisis de enunciados y situaciones cotidianas que permitan desarrollar habilidades de pensamiento crítico y razonamiento válido | C41: =IFERROR(__xludf.DUMMYFUNCTION("""COMPUTED_VALUE"""),"Primer Parcial Unidad 1 y 2") -> Primer Parcial Unidad 1 y 2 | D41: =IFERROR(__xludf.DUMMYFUNCTION("""COMPUTED_VALUE"""),"Primer Parcial Unidad 1 y 2") -> Primer Parcial Unidad 1 y 2 | E41: =IFERROR(__xludf.DUMMYFUNCTION("""COMPUTED_VALUE"""),"Definición de la Lógica como Ciencia") -> Definición de la Lógica como Ciencia | F41: No | G41: Sí
B42: =IFERROR(__xludf.DUMMYFUNCTION("""COMPUTED_VALUE"""),"Construye árboles lógicos y tríadas de conceptos utilizando los contenidos desarrollados durante el curso para representar estructuras lógicas de pensamiento ") -> Construye árboles lógicos y tríadas de conceptos utilizando los contenidos desarrollados durante el curso para representar estructuras lógicas de pensamiento | C42: =IFERROR(__xludf.DUMMYFUNCTION("""COMPUTED_VALUE"""),"Unidad 3: Lógica del Concepto") -> Unidad 3: Lógica del Concepto | D42: =IFERROR(__xludf.DUMMYFUNCTION("""COMPUTED_VALUE"""),"Concepto") -> Concepto | E42: =IFERROR(__xludf.DUMMYFUNCTION("""COMPUTED_VALUE"""),"Concepto y realidad") -> Concepto y realidad | F42: Sí | G42: Sí
B43: =IFERROR(__xludf.DUMMYFUNCTION("""COMPUTED_VALUE"""),"Construye árboles lógicos y tríadas de conceptos utilizando los contenidos desarrollados durante el curso para representar estructuras lógicas de pensamiento ") -> Construye árboles lógicos y tríadas de conceptos utilizando los contenidos desarrollados durante el curso para representar estructuras lógicas de pensamiento | C43: =IFERROR(__xludf.DUMMYFUNCTION("""COMPUTED_VALUE"""),"Unidad 3: Lógica del Concepto") -> Unidad 3: Lógica del Concepto | D43: =IFERROR(__xludf.DUMMYFUNCTION("""COMPUTED_VALUE"""),"Concepto") -> Concepto | E43: =IFERROR(__xludf.DUMMYFUNCTION("""COMPUTED_VALUE"""),"Objeto") -> Objeto | F43: Sí | G43: Sí
B44: =IFERROR(__xludf.DUMMYFUNCTION("""COMPUTED_VALUE"""),"Construye árboles lógicos y tríadas de conceptos utilizando los contenidos desarrollados durante el curso para representar estructuras lógicas de pensamiento ") -> Construye árboles lógicos y tríadas de conceptos utilizando los contenidos desarrollados durante el curso para representar estructuras lógicas de pensamiento | C44: =IFERROR(__xludf.DUMMYFUNCTION("""COMPUTED_VALUE"""),"Unidad 3: Lógica del Concepto") -> Unidad 3: Lógica del Concepto | D44: =IFERROR(__xludf.DUMMYFUNCTION("""COMPUTED_VALUE"""),"Concepto") -> Concepto | E44: =IFERROR(__xludf.DUMMYFUNCTION("""COMPUTED_VALUE"""),"Objetos Como dispositivos de reconocimientoi") -> Objetos Como dispositivos de reconocimientoi | F44: No | G44: Sí
B45: =IFERROR(__xludf.DUMMYFUNCTION("""COMPUTED_VALUE"""),"Construye árboles lógicos y tríadas de conceptos utilizando los contenidos desarrollados durante el curso para representar estructuras lógicas de pensamiento ") -> Construye árboles lógicos y tríadas de conceptos utilizando los contenidos desarrollados durante el curso para representar estructuras lógicas de pensamiento | C45: =IFERROR(__xludf.DUMMYFUNCTION("""COMPUTED_VALUE"""),"Unidad 3: Lógica del Concepto") -> Unidad 3: Lógica del Concepto | D45: =IFERROR(__xludf.DUMMYFUNCTION("""COMPUTED_VALUE"""),"Concepto") -> Concepto | E45: =IFERROR(__xludf.DUMMYFUNCTION("""COMPUTED_VALUE"""),"Ciclo de vida de un Objeto") -> Ciclo de vida de un Objeto | F45: No | G45: Sí
B46: =IFERROR(__xludf.DUMMYFUNCTION("""COMPUTED_VALUE"""),"Construye árboles lógicos y tríadas de conceptos utilizando los contenidos desarrollados durante el curso para representar estructuras lógicas de pensamiento ") -> Construye árboles lógicos y tríadas de conceptos utilizando los contenidos desarrollados durante el curso para representar estructuras lógicas de pensamiento | C46: =IFERROR(__xludf.DUMMYFUNCTION("""COMPUTED_VALUE"""),"Unidad 3: Lógica del Concepto") -> Unidad 3: Lógica del Concepto | D46: =IFERROR(__xludf.DUMMYFUNCTION("""COMPUTED_VALUE"""),"Concepto") -> Concepto | E46: =IFERROR(__xludf.DUMMYFUNCTION("""COMPUTED_VALUE"""),"Relaciones de objetos") -> Relaciones de objetos | F46: No | G46: Sí
B47: =IFERROR(__xludf.DUMMYFUNCTION("""COMPUTED_VALUE"""),"Construye árboles lógicos y tríadas de conceptos utilizando los contenidos desarrollados durante el curso para representar estructuras lógicas de pensamiento ") -> Construye árboles lógicos y tríadas de conceptos utilizando los contenidos desarrollados durante el curso para representar estructuras lógicas de pensamiento | C47: =IFERROR(__xludf.DUMMYFUNCTION("""COMPUTED_VALUE"""),"Unidad 3: Lógica del Concepto") -> Unidad 3: Lógica del Concepto | D47: =IFERROR(__xludf.DUMMYFUNCTION("""COMPUTED_VALUE"""),"Concepto") -> Concepto | E47: =IFERROR(__xludf.DUMMYFUNCTION("""COMPUTED_VALUE"""),"Mapeo") -> Mapeo | F47: No | G47: Sí
B48: =IFERROR(__xludf.DUMMYFUNCTION("""COMPUTED_VALUE"""),"Construye árboles lógicos y tríadas de conceptos utilizando los contenidos desarrollados durante el curso para representar estructuras lógicas de pensamiento ") -> Construye árboles lógicos y tríadas de conceptos utilizando los contenidos desarrollados durante el curso para representar estructuras lógicas de pensamiento | C48: =IFERROR(__xludf.DUMMYFUNCTION("""COMPUTED_VALUE"""),"Unidad 3: Lógica del Concepto") -> Unidad 3: Lógica del Concepto | D48: =IFERROR(__xludf.DUMMYFUNCTION("""COMPUTED_VALUE"""),"Concepto") -> Concepto | E48: =IFERROR(__xludf.DUMMYFUNCTION("""COMPUTED_VALUE"""),"Relaciones de un Objeto") -> Relaciones de un Objeto | F48: No | G48: Sí
B49: =IFERROR(__xludf.DUMMYFUNCTION("""COMPUTED_VALUE"""),"Construye árboles lógicos y tríadas de conceptos utilizando los contenidos desarrollados durante el curso para representar estructuras lógicas de pensamiento ") -> Construye árboles lógicos y tríadas de conceptos utilizando los contenidos desarrollados durante el curso para representar estructuras lógicas de pensamiento | C49: =IFERROR(__xludf.DUMMYFUNCTION("""COMPUTED_VALUE"""),"Unidad 3: Lógica del Concepto") -> Unidad 3: Lógica del Concepto | D49: =IFERROR(__xludf.DUMMYFUNCTION("""COMPUTED_VALUE"""),"Triada del concepto y Arboles Logicos") -> Triada del concepto y Arboles Logicos | E49: =IFERROR(__xludf.DUMMYFUNCTION("""COMPUTED_VALUE"""),"Caracteristicas del Concepto") -> Caracteristicas del Concepto | F49: No | G49: Sí
B50: =IFERROR(__xludf.DUMMYFUNCTION("""COMPUTED_VALUE"""),"Construye árboles lógicos y tríadas de conceptos utilizando los contenidos desarrollados durante el curso para representar estructuras lógicas de pensamiento ") -> Construye árboles lógicos y tríadas de conceptos utilizando los contenidos desarrollados durante el curso para representar estructuras lógicas de pensamiento | C50: =IFERROR(__xludf.DUMMYFUNCTION("""COMPUTED_VALUE"""),"Unidad 3: Lógica del Concepto") -> Unidad 3: Lógica del Concepto | D50: =IFERROR(__xludf.DUMMYFUNCTION("""COMPUTED_VALUE"""),"Triada del concepto y Arboles Logicos") -> Triada del concepto y Arboles Logicos | E50: =IFERROR(__xludf.DUMMYFUNCTION("""COMPUTED_VALUE"""),"La clasificacion de los objetos") -> La clasificacion de los objetos | F50: No | G50: Sí
B51: =IFERROR(__xludf.DUMMYFUNCTION("""COMPUTED_VALUE"""),"Construye árboles lógicos y tríadas de conceptos utilizando los contenidos desarrollados durante el curso para representar estructuras lógicas de pensamiento ") -> Construye árboles lógicos y tríadas de conceptos utilizando los contenidos desarrollados durante el curso para representar estructuras lógicas de pensamiento | C51: =IFERROR(__xludf.DUMMYFUNCTION("""COMPUTED_VALUE"""),"Unidad 3: Lógica del Concepto") -> Unidad 3: Lógica del Concepto | D51: =IFERROR(__xludf.DUMMYFUNCTION("""COMPUTED_VALUE"""),"Triada del concepto y Arboles Logicos") -> Triada del concepto y Arboles Logicos | E51: =IFERROR(__xludf.DUMMYFUNCTION("""COMPUTED_VALUE"""),"Triadas Parciales") -> Triadas Parciales | F51: No | G51: Sí
B52: =IFERROR(__xludf.DUMMYFUNCTION("""COMPUTED_VALUE"""),"Construye árboles lógicos y tríadas de conceptos utilizando los contenidos desarrollados durante el curso para representar estructuras lógicas de pensamiento ") -> Construye árboles lógicos y tríadas de conceptos utilizando los contenidos desarrollados durante el curso para representar estructuras lógicas de pensamiento | C52: =IFERROR(__xludf.DUMMYFUNCTION("""COMPUTED_VALUE"""),"Unidad 3: Lógica del Concepto") -> Unidad 3: Lógica del Concepto | D52: =IFERROR(__xludf.DUMMYFUNCTION("""COMPUTED_VALUE"""),"Triada del concepto y Arboles Logicos") -> Triada del concepto y Arboles Logicos | E52: =IFERROR(__xludf.DUMMYFUNCTION("""COMPUTED_VALUE"""),"Sinonimos y Homonimos") -> Sinonimos y Homonimos | F52: No | G52: Sí
B53: =IFERROR(__xludf.DUMMYFUNCTION("""COMPUTED_VALUE"""),"Construye árboles lógicos y tríadas de conceptos utilizando los contenidos desarrollados durante el curso para representar estructuras lógicas de pensamiento ") -> Construye árboles lógicos y tríadas de conceptos utilizando los contenidos desarrollados durante el curso para representar estructuras lógicas de pensamiento | C53: =IFERROR(__xludf.DUMMYFUNCTION("""COMPUTED_VALUE"""),"Unidad 3: Lógica del Concepto") -> Unidad 3: Lógica del Concepto | D53: =IFERROR(__xludf.DUMMYFUNCTION("""COMPUTED_VALUE"""),"Triada del concepto y Arboles Logicos") -> Triada del concepto y Arboles Logicos | E53: =IFERROR(__xludf.DUMMYFUNCTION("""COMPUTED_VALUE"""),"Arboles Logicos") -> Arboles Logicos | F53: Sí | G53: Sí
B54: =IFERROR(__xludf.DUMMYFUNCTION("""COMPUTED_VALUE"""),"Construye árboles lógicos y tríadas de conceptos utilizando los contenidos desarrollados durante el curso para representar estructuras lógicas de pensamiento ") -> Construye árboles lógicos y tríadas de conceptos utilizando los contenidos desarrollados durante el curso para representar estructuras lógicas de pensamiento | C54: =IFERROR(__xludf.DUMMYFUNCTION("""COMPUTED_VALUE"""),"Unidad 3: Lógica del Concepto") -> Unidad 3: Lógica del Concepto | D54: =IFERROR(__xludf.DUMMYFUNCTION("""COMPUTED_VALUE"""),"Triada del concepto y Arboles Logicos") -> Triada del concepto y Arboles Logicos | E54: =IFERROR(__xludf.DUMMYFUNCTION("""COMPUTED_VALUE"""),"el arbol como esquema mental") -> el arbol como esquema mental | F54: No | G54: Sí
B55: =IFERROR(__xludf.DUMMYFUNCTION("""COMPUTED_VALUE"""),"Construye árboles lógicos y tríadas de conceptos utilizando los contenidos desarrollados durante el curso para representar estructuras lógicas de pensamiento ") -> Construye árboles lógicos y tríadas de conceptos utilizando los contenidos desarrollados durante el curso para representar estructuras lógicas de pensamiento | C55: =IFERROR(__xludf.DUMMYFUNCTION("""COMPUTED_VALUE"""),"Unidad 4: El lenguaje y la Lógica de las proposiciones") -> Unidad 4: El lenguaje y la Lógica de las proposiciones | D55: =IFERROR(__xludf.DUMMYFUNCTION("""COMPUTED_VALUE"""),"Logica de las proposiciones y logica Matematica") -> Logica de las proposiciones y logica Matematica | E55: =IFERROR(__xludf.DUMMYFUNCTION("""COMPUTED_VALUE"""),"Definicion de las preposiciones") -> Definicion de las preposiciones | F55: Sí | G55: Sí
B56: =IFERROR(__xludf.DUMMYFUNCTION("""COMPUTED_VALUE"""),"Construye árboles lógicos y tríadas de conceptos utilizando los contenidos desarrollados durante el curso para representar estructuras lógicas de pensamiento ") -> Construye árboles lógicos y tríadas de conceptos utilizando los contenidos desarrollados durante el curso para representar estructuras lógicas de pensamiento | C56: =IFERROR(__xludf.DUMMYFUNCTION("""COMPUTED_VALUE"""),"Unidad 4: El lenguaje y la Lógica de las proposiciones") -> Unidad 4: El lenguaje y la Lógica de las proposiciones | D56: =IFERROR(__xludf.DUMMYFUNCTION("""COMPUTED_VALUE"""),"Logica de las proposiciones y logica Matematica") -> Logica de las proposiciones y logica Matematica | E56: =IFERROR(__xludf.DUMMYFUNCTION("""COMPUTED_VALUE"""),"Clasificacion de las proposiciones") -> Clasificacion de las proposiciones | F56: Sí | G56: Sí
B57: =IFERROR(__xludf.DUMMYFUNCTION("""COMPUTED_VALUE"""),"Construye árboles lógicos y tríadas de conceptos utilizando los contenidos desarrollados durante el curso para representar estructuras lógicas de pensamiento ") -> Construye árboles lógicos y tríadas de conceptos utilizando los contenidos desarrollados durante el curso para representar estructuras lógicas de pensamiento | C57: =IFERROR(__xludf.DUMMYFUNCTION("""COMPUTED_VALUE"""),"Unidad 4: El lenguaje y la Lógica de las proposiciones") -> Unidad 4: El lenguaje y la Lógica de las proposiciones | D57: =IFERROR(__xludf.DUMMYFUNCTION("""COMPUTED_VALUE"""),"Logica de las proposiciones y logica Matematica") -> Logica de las proposiciones y logica Matematica | E57: =IFERROR(__xludf.DUMMYFUNCTION("""COMPUTED_VALUE"""),"Simbolizacion de las proposiciones") -> Simbolizacion de las proposiciones | F57: Sí | G57: Sí
B58: =IFERROR(__xludf.DUMMYFUNCTION("""COMPUTED_VALUE"""),"Construye árboles lógicos y tríadas de conceptos utilizando los contenidos desarrollados durante el curso para representar estructuras lógicas de pensamiento ") -> Construye árboles lógicos y tríadas de conceptos utilizando los contenidos desarrollados durante el curso para representar estructuras lógicas de pensamiento | C58: =IFERROR(__xludf.DUMMYFUNCTION("""COMPUTED_VALUE"""),"Unidad 4: El lenguaje y la Lógica de las proposiciones") -> Unidad 4: El lenguaje y la Lógica de las proposiciones | D58: =IFERROR(__xludf.DUMMYFUNCTION("""COMPUTED_VALUE"""),"Logica de las proposiciones y logica Matematica") -> Logica de las proposiciones y logica Matematica | E58: =IFERROR(__xludf.DUMMYFUNCTION("""COMPUTED_VALUE"""),"Diagrama del arbol ") -> Diagrama del arbol | F58: Sí | G58: Sí
B59: =IFERROR(__xludf.DUMMYFUNCTION("""COMPUTED_VALUE"""),"Construye árboles lógicos y tríadas de conceptos utilizando los contenidos desarrollados durante el curso para representar estructuras lógicas de pensamiento ") -> Construye árboles lógicos y tríadas de conceptos utilizando los contenidos desarrollados durante el curso para representar estructuras lógicas de pensamiento | C59: =IFERROR(__xludf.DUMMYFUNCTION("""COMPUTED_VALUE"""),"Unidad 4: El lenguaje y la Lógica de las proposiciones") -> Unidad 4: El lenguaje y la Lógica de las proposiciones | D59: =IFERROR(__xludf.DUMMYFUNCTION("""COMPUTED_VALUE"""),"Logica de las proposiciones y logica Matematica") -> Logica de las proposiciones y logica Matematica | E59: =IFERROR(__xludf.DUMMYFUNCTION("""COMPUTED_VALUE"""),"Operaciones logicas") -> Operaciones logicas | F59: Sí | G59: Sí
B60: =IFERROR(__xludf.DUMMYFUNCTION("""COMPUTED_VALUE"""),"Construye árboles lógicos y tríadas de conceptos utilizando los contenidos desarrollados durante el curso para representar estructuras lógicas de pensamiento ") -> Construye árboles lógicos y tríadas de conceptos utilizando los contenidos desarrollados durante el curso para representar estructuras lógicas de pensamiento | C60: =IFERROR(__xludf.DUMMYFUNCTION("""COMPUTED_VALUE"""),"Unidad 4: El lenguaje y la Lógica de las proposiciones") -> Unidad 4: El lenguaje y la Lógica de las proposiciones | D60: =IFERROR(__xludf.DUMMYFUNCTION("""COMPUTED_VALUE"""),"Logica de las proposiciones y logica Matematica") -> Logica de las proposiciones y logica Matematica | E60: =IFERROR(__xludf.DUMMYFUNCTION("""COMPUTED_VALUE"""),"Clasificacion de las operaciones logicas") -> Clasificacion de las operaciones logicas | F60: No | G60: Sí
B61: =IFERROR(__xludf.DUMMYFUNCTION("""COMPUTED_VALUE"""),"Construye árboles lógicos y tríadas de conceptos utilizando los contenidos desarrollados durante el curso para representar estructuras lógicas de pensamiento ") -> Construye árboles lógicos y tríadas de conceptos utilizando los contenidos desarrollados durante el curso para representar estructuras lógicas de pensamiento | C61: =IFERROR(__xludf.DUMMYFUNCTION("""COMPUTED_VALUE"""),"Unidad 4: El lenguaje y la Lógica de las proposiciones") -> Unidad 4: El lenguaje y la Lógica de las proposiciones | D61: =IFERROR(__xludf.DUMMYFUNCTION("""COMPUTED_VALUE"""),"Logica de las proposiciones y logica Matematica") -> Logica de las proposiciones y logica Matematica | E61: =IFERROR(__xludf.DUMMYFUNCTION("""COMPUTED_VALUE"""),"Tablas de verdad") -> Tablas de verdad | F61: Sí | G61: Sí
B62: =IFERROR(__xludf.DUMMYFUNCTION("""COMPUTED_VALUE"""),"Reconoce proposiciones y razonamientos en el lenguaje por medio del análisis de textos y enunciados para distinguir los componentes lógicos del lenguaje ") -> Reconoce proposiciones y razonamientos en el lenguaje por medio del análisis de textos y enunciados para distinguir los componentes lógicos del lenguaje | C62: =IFERROR(__xludf.DUMMYFUNCTION("""COMPUTED_VALUE"""),"Unidad 4: El lenguaje y la Lógica de las proposiciones") -> Unidad 4: El lenguaje y la Lógica de las proposiciones | D62: =IFERROR(__xludf.DUMMYFUNCTION("""COMPUTED_VALUE"""),"El lenguaje") -> El lenguaje | E62: =IFERROR(__xludf.DUMMYFUNCTION("""COMPUTED_VALUE"""),"Que es el Lenguaje") -> Que es el Lenguaje | F62: No | G62: Sí
B63: =IFERROR(__xludf.DUMMYFUNCTION("""COMPUTED_VALUE"""),"Reconoce proposiciones y razonamientos en el lenguaje por medio del análisis de textos y enunciados para distinguir los componentes lógicos del lenguaje ") -> Reconoce proposiciones y razonamientos en el lenguaje por medio del análisis de textos y enunciados para distinguir los componentes lógicos del lenguaje | C63: =IFERROR(__xludf.DUMMYFUNCTION("""COMPUTED_VALUE"""),"Unidad 4: El lenguaje y la Lógica de las proposiciones") -> Unidad 4: El lenguaje y la Lógica de las proposiciones | D63: =IFERROR(__xludf.DUMMYFUNCTION("""COMPUTED_VALUE"""),"El lenguaje") -> El lenguaje | E63: =IFERROR(__xludf.DUMMYFUNCTION("""COMPUTED_VALUE"""),"Funciones del Lenguaje") -> Funciones del Lenguaje | F63: No | G63: Sí
B64: =IFERROR(__xludf.DUMMYFUNCTION("""COMPUTED_VALUE"""),"Reconoce proposiciones y razonamientos en el lenguaje por medio del análisis de textos y enunciados para distinguir los componentes lógicos del lenguaje ") -> Reconoce proposiciones y razonamientos en el lenguaje por medio del análisis de textos y enunciados para distinguir los componentes lógicos del lenguaje | C64: =IFERROR(__xludf.DUMMYFUNCTION("""COMPUTED_VALUE"""),"Unidad 4: El lenguaje y la Lógica de las proposiciones") -> Unidad 4: El lenguaje y la Lógica de las proposiciones | D64: =IFERROR(__xludf.DUMMYFUNCTION("""COMPUTED_VALUE"""),"El lenguaje") -> El lenguaje | E64: =IFERROR(__xludf.DUMMYFUNCTION("""COMPUTED_VALUE"""),"Lenguaje Informativo") -> Lenguaje Informativo | F64: No | G64: Sí
B65: =IFERROR(__xludf.DUMMYFUNCTION("""COMPUTED_VALUE"""),"Reconoce proposiciones y razonamientos en el lenguaje por medio del análisis de textos y enunciados para distinguir los componentes lógicos del lenguaje ") -> Reconoce proposiciones y razonamientos en el lenguaje por medio del análisis de textos y enunciados para distinguir los componentes lógicos del lenguaje | C65: =IFERROR(__xludf.DUMMYFUNCTION("""COMPUTED_VALUE"""),"Unidad 4: El lenguaje y la Lógica de las proposiciones") -> Unidad 4: El lenguaje y la Lógica de las proposiciones | D65: =IFERROR(__xludf.DUMMYFUNCTION("""COMPUTED_VALUE"""),"El lenguaje") -> El lenguaje | E65: =IFERROR(__xludf.DUMMYFUNCTION("""COMPUTED_VALUE"""),"Lenguaje Expresivo") -> Lenguaje Expresivo | F65: No | G65: Sí
B66: =IFERROR(__xludf.DUMMYFUNCTION("""COMPUTED_VALUE"""),"Reconoce proposiciones y razonamientos en el lenguaje por medio del análisis de textos y enunciados para distinguir los componentes lógicos del lenguaje ") -> Reconoce proposiciones y razonamientos en el lenguaje por medio del análisis de textos y enunciados para distinguir los componentes lógicos del lenguaje | C66: =IFERROR(__xludf.DUMMYFUNCTION("""COMPUTED_VALUE"""),"Unidad 4: El lenguaje y la Lógica de las proposiciones") -> Unidad 4: El lenguaje y la Lógica de las proposiciones | D66: =IFERROR(__xludf.DUMMYFUNCTION("""COMPUTED_VALUE"""),"El lenguaje") -> El lenguaje | E66: =IFERROR(__xludf.DUMMYFUNCTION("""COMPUTED_VALUE"""),"Lenguaje Directivo") -> Lenguaje Directivo | F66: No | G66: Sí
B67: =IFERROR(__xludf.DUMMYFUNCTION("""COMPUTED_VALUE"""),"Reconoce proposiciones y razonamientos en el lenguaje por medio del análisis de textos y enunciados para distinguir los componentes lógicos del lenguaje ") -> Reconoce proposiciones y razonamientos en el lenguaje por medio del análisis de textos y enunciados para distinguir los componentes lógicos del lenguaje | C67: =IFERROR(__xludf.DUMMYFUNCTION("""COMPUTED_VALUE"""),"Unidad 4: El lenguaje y la Lógica de las proposiciones") -> Unidad 4: El lenguaje y la Lógica de las proposiciones | D67: =IFERROR(__xludf.DUMMYFUNCTION("""COMPUTED_VALUE"""),"El lenguaje") -> El lenguaje | E67: =IFERROR(__xludf.DUMMYFUNCTION("""COMPUTED_VALUE"""),"Lenguaje Mixto") -> Lenguaje Mixto | F67: No | G67: Sí
B68: =IFERROR(__xludf.DUMMYFUNCTION("""COMPUTED_VALUE"""),"Construye árboles lógicos y tríadas de conceptos utilizando los contenidos desarrollados durante el curso para representar estructuras lógicas de pensamiento ") -> Construye árboles lógicos y tríadas de conceptos utilizando los contenidos desarrollados durante el curso para representar estructuras lógicas de pensamiento | C68: =IFERROR(__xludf.DUMMYFUNCTION("""COMPUTED_VALUE"""),"Segundo Parcial Unidades 3 y 4") -> Segundo Parcial Unidades 3 y 4 | D68: =IFERROR(__xludf.DUMMYFUNCTION("""COMPUTED_VALUE"""),"Segundo Parcial") -> Segundo Parcial | E68: =IFERROR(__xludf.DUMMYFUNCTION("""COMPUTED_VALUE"""),"Triadas Parciales") -> Triadas Parciales | F68: No | G68: Sí
B69: =IFERROR(__xludf.DUMMYFUNCTION("""COMPUTED_VALUE"""),"Construye árboles lógicos y tríadas de conceptos utilizando los contenidos desarrollados durante el curso para representar estructuras lógicas de pensamiento ") -> Construye árboles lógicos y tríadas de conceptos utilizando los contenidos desarrollados durante el curso para representar estructuras lógicas de pensamiento | C69: =IFERROR(__xludf.DUMMYFUNCTION("""COMPUTED_VALUE"""),"Segundo Parcial Unidades 3 y 4") -> Segundo Parcial Unidades 3 y 4 | D69: =IFERROR(__xludf.DUMMYFUNCTION("""COMPUTED_VALUE"""),"Segundo Parcial") -> Segundo Parcial | E69: =IFERROR(__xludf.DUMMYFUNCTION("""COMPUTED_VALUE"""),"Objetos ") -> Objetos | F69: No | G69: Sí
B70: =IFERROR(__xludf.DUMMYFUNCTION("""COMPUTED_VALUE"""),"Construye árboles lógicos y tríadas de conceptos utilizando los contenidos desarrollados durante el curso para representar estructuras lógicas de pensamiento ") -> Construye árboles lógicos y tríadas de conceptos utilizando los contenidos desarrollados durante el curso para representar estructuras lógicas de pensamiento | C70: =IFERROR(__xludf.DUMMYFUNCTION("""COMPUTED_VALUE"""),"Segundo Parcial Unidades 3 y 4") -> Segundo Parcial Unidades 3 y 4 | D70: =IFERROR(__xludf.DUMMYFUNCTION("""COMPUTED_VALUE"""),"Segundo Parcial") -> Segundo Parcial | E70: =IFERROR(__xludf.DUMMYFUNCTION("""COMPUTED_VALUE"""),"Sinonimos Homonimos") -> Sinonimos Homonimos | F70: No | G70: Sí
B71: =IFERROR(__xludf.DUMMYFUNCTION("""COMPUTED_VALUE"""),"Construye árboles lógicos y tríadas de conceptos utilizando los contenidos desarrollados durante el curso para representar estructuras lógicas de pensamiento ") -> Construye árboles lógicos y tríadas de conceptos utilizando los contenidos desarrollados durante el curso para representar estructuras lógicas de pensamiento | C71: =IFERROR(__xludf.DUMMYFUNCTION("""COMPUTED_VALUE"""),"Segundo Parcial Unidades 3 y 4") -> Segundo Parcial Unidades 3 y 4 | D71: =IFERROR(__xludf.DUMMYFUNCTION("""COMPUTED_VALUE"""),"Segundo Parcial") -> Segundo Parcial | E71: =IFERROR(__xludf.DUMMYFUNCTION("""COMPUTED_VALUE"""),"Diagrama del arbol ") -> Diagrama del arbol | F71: No | G71: Sí
B72: =IFERROR(__xludf.DUMMYFUNCTION("""COMPUTED_VALUE"""),"Construye árboles lógicos y tríadas de conceptos utilizando los contenidos desarrollados durante el curso para representar estructuras lógicas de pensamiento ") -> Construye árboles lógicos y tríadas de conceptos utilizando los contenidos desarrollados durante el curso para representar estructuras lógicas de pensamiento | C72: =IFERROR(__xludf.DUMMYFUNCTION("""COMPUTED_VALUE"""),"Segundo Parcial Unidades 3 y 4") -> Segundo Parcial Unidades 3 y 4 | D72: =IFERROR(__xludf.DUMMYFUNCTION("""COMPUTED_VALUE"""),"Segundo Parcial") -> Segundo Parcial | E72: =IFERROR(__xludf.DUMMYFUNCTION("""COMPUTED_VALUE"""),"Operaciones Logicas") -> Operaciones Logicas | F72: No | G72: Sí
B73: =IFERROR(__xludf.DUMMYFUNCTION("""COMPUTED_VALUE"""),"Construye árboles lógicos y tríadas de conceptos utilizando los contenidos desarrollados durante el curso para representar estructuras lógicas de pensamiento ") -> Construye árboles lógicos y tríadas de conceptos utilizando los contenidos desarrollados durante el curso para representar estructuras lógicas de pensamiento | C73: =IFERROR(__xludf.DUMMYFUNCTION("""COMPUTED_VALUE"""),"Segundo Parcial Unidades 3 y 4") -> Segundo Parcial Unidades 3 y 4 | D73: =IFERROR(__xludf.DUMMYFUNCTION("""COMPUTED_VALUE"""),"Segundo Parcial") -> Segundo Parcial | E73: =IFERROR(__xludf.DUMMYFUNCTION("""COMPUTED_VALUE"""),"Proposiciones") -> Proposiciones | F73: No | G73: Sí
B74: =IFERROR(__xludf.DUMMYFUNCTION("""COMPUTED_VALUE"""),"Construye árboles lógicos y tríadas de conceptos utilizando los contenidos desarrollados durante el curso para representar estructuras lógicas de pensamiento ") -> Construye árboles lógicos y tríadas de conceptos utilizando los contenidos desarrollados durante el curso para representar estructuras lógicas de pensamiento | C74: =IFERROR(__xludf.DUMMYFUNCTION("""COMPUTED_VALUE"""),"Segundo Parcial Unidades 3 y 4") -> Segundo Parcial Unidades 3 y 4 | D74: =IFERROR(__xludf.DUMMYFUNCTION("""COMPUTED_VALUE"""),"Segundo Parcial") -> Segundo Parcial | E74: =IFERROR(__xludf.DUMMYFUNCTION("""COMPUTED_VALUE"""),"Logica del Razonamiento") -> Logica del Razonamiento | F74: No | G74: Sí
B75: =IFERROR(__xludf.DUMMYFUNCTION("""COMPUTED_VALUE"""),"Evalua razonamientos y falacias utilizando ejercicios escritos y discusiones dirigidas en la resolución de dilemas lógicos ") -> Evalua razonamientos y falacias utilizando ejercicios escritos y discusiones dirigidas en la resolución de dilemas lógicos | C75: =IFERROR(__xludf.DUMMYFUNCTION("""COMPUTED_VALUE"""),"Unidad 5: Razonamiento y falacias") -> Unidad 5: Razonamiento y falacias | D75: =IFERROR(__xludf.DUMMYFUNCTION("""COMPUTED_VALUE"""),"Razonamiento") -> Razonamiento | E75: =IFERROR(__xludf.DUMMYFUNCTION("""COMPUTED_VALUE"""),"El razonamiento") -> El razonamiento | F75: No | G75: Sí
B76: =IFERROR(__xludf.DUMMYFUNCTION("""COMPUTED_VALUE"""),"Evalua razonamientos y falacias utilizando ejercicios escritos y discusiones dirigidas en la resolución de dilemas lógicos ") -> Evalua razonamientos y falacias utilizando ejercicios escritos y discusiones dirigidas en la resolución de dilemas lógicos | C76: =IFERROR(__xludf.DUMMYFUNCTION("""COMPUTED_VALUE"""),"Unidad 5: Razonamiento y falacias") -> Unidad 5: Razonamiento y falacias | D76: =IFERROR(__xludf.DUMMYFUNCTION("""COMPUTED_VALUE"""),"Razonamiento") -> Razonamiento | E76: =IFERROR(__xludf.DUMMYFUNCTION("""COMPUTED_VALUE"""),"Las inferencias") -> Las inferencias | F76: Sí | G76: Sí
B77: =IFERROR(__xludf.DUMMYFUNCTION("""COMPUTED_VALUE"""),"Evalua razonamientos y falacias utilizando ejercicios escritos y discusiones dirigidas en la resolución de dilemas lógicos ") -> Evalua razonamientos y falacias utilizando ejercicios escritos y discusiones dirigidas en la resolución de dilemas lógicos | C77: =IFERROR(__xludf.DUMMYFUNCTION("""COMPUTED_VALUE"""),"Unidad 5: Razonamiento y falacias") -> Unidad 5: Razonamiento y falacias | D77: =IFERROR(__xludf.DUMMYFUNCTION("""COMPUTED_VALUE"""),"Razonamiento") -> Razonamiento | E77: =IFERROR(__xludf.DUMMYFUNCTION("""COMPUTED_VALUE"""),"Razonamiento Formal e Informal") -> Razonamiento Formal e Informal | F77: Sí | G77: Sí
B78: =IFERROR(__xludf.DUMMYFUNCTION("""COMPUTED_VALUE"""),"Evalua razonamientos y falacias utilizando ejercicios escritos y discusiones dirigidas en la resolución de dilemas lógicos ") -> Evalua razonamientos y falacias utilizando ejercicios escritos y discusiones dirigidas en la resolución de dilemas lógicos | C78: =IFERROR(__xludf.DUMMYFUNCTION("""COMPUTED_VALUE"""),"Unidad 5: Razonamiento y falacias") -> Unidad 5: Razonamiento y falacias | D78: =IFERROR(__xludf.DUMMYFUNCTION("""COMPUTED_VALUE"""),"Razonamiento") -> Razonamiento | E78: =IFERROR(__xludf.DUMMYFUNCTION("""COMPUTED_VALUE"""),"La inferencia") -> La inferencia | F78: No | G78: Sí
B79: =IFERROR(__xludf.DUMMYFUNCTION("""COMPUTED_VALUE"""),"Evalua razonamientos y falacias utilizando ejercicios escritos y discusiones dirigidas en la resolución de dilemas lógicos ") -> Evalua razonamientos y falacias utilizando ejercicios escritos y discusiones dirigidas en la resolución de dilemas lógicos | C79: =IFERROR(__xludf.DUMMYFUNCTION("""COMPUTED_VALUE"""),"Unidad 5: Razonamiento y falacias") -> Unidad 5: Razonamiento y falacias | D79: =IFERROR(__xludf.DUMMYFUNCTION("""COMPUTED_VALUE"""),"Razonamiento") -> Razonamiento | E79: =IFERROR(__xludf.DUMMYFUNCTION("""COMPUTED_VALUE"""),"Reglas de inferencia") -> Reglas de inferencia | F79: No | G79: Sí
B80: =IFERROR(__xludf.DUMMYFUNCTION("""COMPUTED_VALUE"""),"Evalua razonamientos y falacias utilizando ejercicios escritos y discusiones dirigidas en la resolución de dilemas lógicos ") -> Evalua razonamientos y falacias utilizando ejercicios escritos y discusiones dirigidas en la resolución de dilemas lógicos | C80: =IFERROR(__xludf.DUMMYFUNCTION("""COMPUTED_VALUE"""),"Unidad 5: Razonamiento y falacias") -> Unidad 5: Razonamiento y falacias | D80: =IFERROR(__xludf.DUMMYFUNCTION("""COMPUTED_VALUE"""),"Falacias") -> Falacias | E80: =IFERROR(__xludf.DUMMYFUNCTION("""COMPUTED_VALUE"""),"Las falacias") -> Las falacias | F80: No | G80: Sí
B81: =IFERROR(__xludf.DUMMYFUNCTION("""COMPUTED_VALUE"""),"Evalua razonamientos y falacias utilizando ejercicios escritos y discusiones dirigidas en la resolución de dilemas lógicos ") -> Evalua razonamientos y falacias utilizando ejercicios escritos y discusiones dirigidas en la resolución de dilemas lógicos | C81: =IFERROR(__xludf.DUMMYFUNCTION("""COMPUTED_VALUE"""),"Unidad 5: Razonamiento y falacias") -> Unidad 5: Razonamiento y falacias | D81: =IFERROR(__xludf.DUMMYFUNCTION("""COMPUTED_VALUE"""),"Falacias") -> Falacias | E81: =IFERROR(__xludf.DUMMYFUNCTION("""COMPUTED_VALUE"""),"Falacias de Antingencia") -> Falacias de Antingencia | F81: No | G81: Sí
B82: =IFERROR(__xludf.DUMMYFUNCTION("""COMPUTED_VALUE"""),"Evalua razonamientos y falacias utilizando ejercicios escritos y discusiones dirigidas en la resolución de dilemas lógicos ") -> Evalua razonamientos y falacias utilizando ejercicios escritos y discusiones dirigidas en la resolución de dilemas lógicos | C82: =IFERROR(__xludf.DUMMYFUNCTION("""COMPUTED_VALUE"""),"Unidad 5: Razonamiento y falacias") -> Unidad 5: Razonamiento y falacias | D82: =IFERROR(__xludf.DUMMYFUNCTION("""COMPUTED_VALUE"""),"Falacias") -> Falacias | E82: =IFERROR(__xludf.DUMMYFUNCTION("""COMPUTED_VALUE"""),"Falacias de Ambiguedad ") -> Falacias de Ambiguedad | F82: No | G82: Sí
B83: =IFERROR(__xludf.DUMMYFUNCTION("""COMPUTED_VALUE"""),"Evalua razonamientos y falacias utilizando ejercicios escritos y discusiones dirigidas en la resolución de dilemas lógicos ") -> Evalua razonamientos y falacias utilizando ejercicios escritos y discusiones dirigidas en la resolución de dilemas lógicos | C83: =IFERROR(__xludf.DUMMYFUNCTION("""COMPUTED_VALUE"""),"Unidad 5: Razonamiento y falacias") -> Unidad 5: Razonamiento y falacias | D83: =IFERROR(__xludf.DUMMYFUNCTION("""COMPUTED_VALUE"""),"Falacias") -> Falacias | E83: =IFERROR(__xludf.DUMMYFUNCTION("""COMPUTED_VALUE"""),"El padre de las estrategias para solución de problemas") -> El padre de las estrategias para solución de problemas | F83: No | G83: Sí
B84: =IFERROR(__xludf.DUMMYFUNCTION("""COMPUTED_VALUE"""),"Evalua razonamientos y falacias utilizando ejercicios escritos y discusiones dirigidas en la resolución de dilemas lógicos ") -> Evalua razonamientos y falacias utilizando ejercicios escritos y discusiones dirigidas en la resolución de dilemas lógicos | C84: =IFERROR(__xludf.DUMMYFUNCTION("""COMPUTED_VALUE"""),"Unidad 5: Razonamiento y falacias") -> Unidad 5: Razonamiento y falacias | D84: =IFERROR(__xludf.DUMMYFUNCTION("""COMPUTED_VALUE"""),"Falacias") -> Falacias | E84: =IFERROR(__xludf.DUMMYFUNCTION("""COMPUTED_VALUE"""),"Buscar un patrón") -> Buscar un patrón | F84: No | G84: Sí
B85: =IFERROR(__xludf.DUMMYFUNCTION("""COMPUTED_VALUE"""),"Evalua razonamientos y falacias utilizando ejercicios escritos y discusiones dirigidas en la resolución de dilemas lógicos ") -> Evalua razonamientos y falacias utilizando ejercicios escritos y discusiones dirigidas en la resolución de dilemas lógicos | C85: =IFERROR(__xludf.DUMMYFUNCTION("""COMPUTED_VALUE"""),"Unidad 5: Razonamiento y falacias") -> Unidad 5: Razonamiento y falacias | D85: =IFERROR(__xludf.DUMMYFUNCTION("""COMPUTED_VALUE"""),"Falacias") -> Falacias | E85: =IFERROR(__xludf.DUMMYFUNCTION("""COMPUTED_VALUE"""),"Ensayo y error") -> Ensayo y error | F85: No | G85: Sí
B86: =IFERROR(__xludf.DUMMYFUNCTION("""COMPUTED_VALUE"""),"Evalua razonamientos y falacias utilizando ejercicios escritos y discusiones dirigidas en la resolución de dilemas lógicos ") -> Evalua razonamientos y falacias utilizando ejercicios escritos y discusiones dirigidas en la resolución de dilemas lógicos | C86: =IFERROR(__xludf.DUMMYFUNCTION("""COMPUTED_VALUE"""),"Unidad 5: Razonamiento y falacias") -> Unidad 5: Razonamiento y falacias | D86: =IFERROR(__xludf.DUMMYFUNCTION("""COMPUTED_VALUE"""),"Falacias") -> Falacias | E86: =IFERROR(__xludf.DUMMYFUNCTION("""COMPUTED_VALUE"""),"Bosquejo o diagrama") -> Bosquejo o diagrama | F86: No | G86: Sí
B87: =IFERROR(__xludf.DUMMYFUNCTION("""COMPUTED_VALUE"""),"Comprende los modelos mentales y paradigmas mediante el análisis de ejemplos y situaciones cotidianas en actividades de reflexión y discusión grupal ") -> Comprende los modelos mentales y paradigmas mediante el análisis de ejemplos y situaciones cotidianas en actividades de reflexión y discusión grupal | C87: =IFERROR(__xludf.DUMMYFUNCTION("""COMPUTED_VALUE"""),"Unidad 6: Modelos mentales y paradigmas") -> Unidad 6: Modelos mentales y paradigmas | D87: =IFERROR(__xludf.DUMMYFUNCTION("""COMPUTED_VALUE"""),"Paradigmas") -> Paradigmas | E87: =IFERROR(__xludf.DUMMYFUNCTION("""COMPUTED_VALUE"""),"¿Que es un paradigma?") -> ¿Que es un paradigma? | F87: No | G87: Sí
B88: =IFERROR(__xludf.DUMMYFUNCTION("""COMPUTED_VALUE"""),"Comprende los modelos mentales y paradigmas mediante el análisis de ejemplos y situaciones cotidianas en actividades de reflexión y discusión grupal ") -> Comprende los modelos mentales y paradigmas mediante el análisis de ejemplos y situaciones cotidianas en actividades de reflexión y discusión grupal | C88: =IFERROR(__xludf.DUMMYFUNCTION("""COMPUTED_VALUE"""),"Unidad 6: Modelos mentales y paradigmas") -> Unidad 6: Modelos mentales y paradigmas | D88: =IFERROR(__xludf.DUMMYFUNCTION("""COMPUTED_VALUE"""),"Paradigmas") -> Paradigmas | E88: =IFERROR(__xludf.DUMMYFUNCTION("""COMPUTED_VALUE"""),"Características y aspectos externos e internos del ser humano que determinan los paradigmas") -> Características y aspectos externos e internos del ser humano que determinan los paradigmas | F88: No | G88: Sí
B89: =IFERROR(__xludf.DUMMYFUNCTION("""COMPUTED_VALUE"""),"Comprende los modelos mentales y paradigmas mediante el análisis de ejemplos y situaciones cotidianas en actividades de reflexión y discusión grupal ") -> Comprende los modelos mentales y paradigmas mediante el análisis de ejemplos y situaciones cotidianas en actividades de reflexión y discusión grupal | C89: =IFERROR(__xludf.DUMMYFUNCTION("""COMPUTED_VALUE"""),"Unidad 6: Modelos mentales y paradigmas") -> Unidad 6: Modelos mentales y paradigmas | D89: =IFERROR(__xludf.DUMMYFUNCTION("""COMPUTED_VALUE"""),"Paradigmas") -> Paradigmas | E89: =IFERROR(__xludf.DUMMYFUNCTION("""COMPUTED_VALUE"""),"Historia de los paradigmas") -> Historia de los paradigmas | F89: No | G89: Sí
B90: =IFERROR(__xludf.DUMMYFUNCTION("""COMPUTED_VALUE"""),"Comprende los modelos mentales y paradigmas mediante el análisis de ejemplos y situaciones cotidianas en actividades de reflexión y discusión grupal ") -> Comprende los modelos mentales y paradigmas mediante el análisis de ejemplos y situaciones cotidianas en actividades de reflexión y discusión grupal | C90: =IFERROR(__xludf.DUMMYFUNCTION("""COMPUTED_VALUE"""),"Unidad 6: Modelos mentales y paradigmas") -> Unidad 6: Modelos mentales y paradigmas | D90: =IFERROR(__xludf.DUMMYFUNCTION("""COMPUTED_VALUE"""),"Paradigmas") -> Paradigmas | E90: =IFERROR(__xludf.DUMMYFUNCTION("""COMPUTED_VALUE"""),"Consecuencia del uso de paradigmas") -> Consecuencia del uso de paradigmas | F90: No | G90: Sí
B91: =IFERROR(__xludf.DUMMYFUNCTION("""COMPUTED_VALUE"""),"Comprende los modelos mentales y paradigmas mediante el análisis de ejemplos y situaciones cotidianas en actividades de reflexión y discusión grupal ") -> Comprende los modelos mentales y paradigmas mediante el análisis de ejemplos y situaciones cotidianas en actividades de reflexión y discusión grupal | C91: =IFERROR(__xludf.DUMMYFUNCTION("""COMPUTED_VALUE"""),"Unidad 6: Modelos mentales y paradigmas") -> Unidad 6: Modelos mentales y paradigmas | D91: =IFERROR(__xludf.DUMMYFUNCTION("""COMPUTED_VALUE"""),"Paradigmas") -> Paradigmas | E91: =IFERROR(__xludf.DUMMYFUNCTION("""COMPUTED_VALUE"""),"Efecto paradigma") -> Efecto paradigma | F91: No | G91: Sí
B92: =IFERROR(__xludf.DUMMYFUNCTION("""COMPUTED_VALUE"""),"Comprende los modelos mentales y paradigmas mediante el análisis de ejemplos y situaciones cotidianas en actividades de reflexión y discusión grupal ") -> Comprende los modelos mentales y paradigmas mediante el análisis de ejemplos y situaciones cotidianas en actividades de reflexión y discusión grupal | C92: =IFERROR(__xludf.DUMMYFUNCTION("""COMPUTED_VALUE"""),"Unidad 6: Modelos mentales y paradigmas") -> Unidad 6: Modelos mentales y paradigmas | D92: =IFERROR(__xludf.DUMMYFUNCTION("""COMPUTED_VALUE"""),"Modelos Mentales") -> Modelos Mentales | E92: =IFERROR(__xludf.DUMMYFUNCTION("""COMPUTED_VALUE"""),"Imagenes multiestables") -> Imagenes multiestables | F92: No | G92: Sí
B93: =IFERROR(__xludf.DUMMYFUNCTION("""COMPUTED_VALUE"""),"Comprende los modelos mentales y paradigmas mediante el análisis de ejemplos y situaciones cotidianas en actividades de reflexión y discusión grupal ") -> Comprende los modelos mentales y paradigmas mediante el análisis de ejemplos y situaciones cotidianas en actividades de reflexión y discusión grupal | C93: =IFERROR(__xludf.DUMMYFUNCTION("""COMPUTED_VALUE"""),"Unidad 6: Modelos mentales y paradigmas") -> Unidad 6: Modelos mentales y paradigmas | D93: =IFERROR(__xludf.DUMMYFUNCTION("""COMPUTED_VALUE"""),"Modelos Mentales") -> Modelos Mentales | E93: =IFERROR(__xludf.DUMMYFUNCTION("""COMPUTED_VALUE"""),"Polisemia") -> Polisemia | F93: No | G93: Sí
B94: =IFERROR(__xludf.DUMMYFUNCTION("""COMPUTED_VALUE"""),"Comprende los modelos mentales y paradigmas mediante el análisis de ejemplos y situaciones cotidianas en actividades de reflexión y discusión grupal ") -> Comprende los modelos mentales y paradigmas mediante el análisis de ejemplos y situaciones cotidianas en actividades de reflexión y discusión grupal | C94: =IFERROR(__xludf.DUMMYFUNCTION("""COMPUTED_VALUE"""),"Unidad 6: Modelos mentales y paradigmas") -> Unidad 6: Modelos mentales y paradigmas | D94: =IFERROR(__xludf.DUMMYFUNCTION("""COMPUTED_VALUE"""),"Modelos Mentales") -> Modelos Mentales | E94: =IFERROR(__xludf.DUMMYFUNCTION("""COMPUTED_VALUE"""),"Polisemia cultural") -> Polisemia cultural | F94: No | G94: Sí
B95: =IFERROR(__xludf.DUMMYFUNCTION("""COMPUTED_VALUE"""),"Comprende los modelos mentales y paradigmas mediante el análisis de ejemplos y situaciones cotidianas en actividades de reflexión y discusión grupal ") -> Comprende los modelos mentales y paradigmas mediante el análisis de ejemplos y situaciones cotidianas en actividades de reflexión y discusión grupal | C95: =IFERROR(__xludf.DUMMYFUNCTION("""COMPUTED_VALUE"""),"Unidad 6: Modelos mentales y paradigmas") -> Unidad 6: Modelos mentales y paradigmas | D95: =IFERROR(__xludf.DUMMYFUNCTION("""COMPUTED_VALUE"""),"Modelos Mentales") -> Modelos Mentales | E95: =IFERROR(__xludf.DUMMYFUNCTION("""COMPUTED_VALUE"""),"La certeza") -> La certeza | F95: No | G95: Sí
B96: =IFERROR(__xludf.DUMMYFUNCTION("""COMPUTED_VALUE"""),"Comprende los modelos mentales y paradigmas mediante el análisis de ejemplos y situaciones cotidianas en actividades de reflexión y discusión grupal ") -> Comprende los modelos mentales y paradigmas mediante el análisis de ejemplos y situaciones cotidianas en actividades de reflexión y discusión grupal | C96: =IFERROR(__xludf.DUMMYFUNCTION("""COMPUTED_VALUE"""),"Unidad 6: Modelos mentales y paradigmas") -> Unidad 6: Modelos mentales y paradigmas | D96: =IFERROR(__xludf.DUMMYFUNCTION("""COMPUTED_VALUE"""),"Modelos Mentales") -> Modelos Mentales | E96: =IFERROR(__xludf.DUMMYFUNCTION("""COMPUTED_VALUE"""),"El humor") -> El humor | F96: No | G96: Sí
B97: =IFERROR(__xludf.DUMMYFUNCTION("""COMPUTED_VALUE"""),"Evalua razonamientos y falacias utilizando ejercicios escritos y discusiones dirigidas en la resolución de dilemas lógicos ") -> Evalua razonamientos y falacias utilizando ejercicios escritos y discusiones dirigidas en la resolución de dilemas lógicos | C97: =IFERROR(__xludf.DUMMYFUNCTION("""COMPUTED_VALUE"""),"Tercer Parcial Unidad 5 y 6") -> Tercer Parcial Unidad 5 y 6 | D97: =IFERROR(__xludf.DUMMYFUNCTION("""COMPUTED_VALUE"""),"Tercer Parcial Unidad 5 y 6") -> Tercer Parcial Unidad 5 y 6 | E97: =IFERROR(__xludf.DUMMYFUNCTION("""COMPUTED_VALUE"""),"Falacias") -> Falacias | F97: No | G97: Sí
B98: =IFERROR(__xludf.DUMMYFUNCTION("""COMPUTED_VALUE"""),"Evalua razonamientos y falacias utilizando ejercicios escritos y discusiones dirigidas en la resolución de dilemas lógicos ") -> Evalua razonamientos y falacias utilizando ejercicios escritos y discusiones dirigidas en la resolución de dilemas lógicos | C98: =IFERROR(__xludf.DUMMYFUNCTION("""COMPUTED_VALUE"""),"Tercer Parcial Unidad 5 y 6") -> Tercer Parcial Unidad 5 y 6 | D98: =IFERROR(__xludf.DUMMYFUNCTION("""COMPUTED_VALUE"""),"Tercer Parcial Unidad 5 y 6") -> Tercer Parcial Unidad 5 y 6 | E98: =IFERROR(__xludf.DUMMYFUNCTION("""COMPUTED_VALUE"""),"Razonamiento formal e informal") -> Razonamiento formal e informal | F98: No | G98: Sí
B99: =IFERROR(__xludf.DUMMYFUNCTION("""COMPUTED_VALUE"""),"Evalua razonamientos y falacias utilizando ejercicios escritos y discusiones dirigidas en la resolución de dilemas lógicos ") -> Evalua razonamientos y falacias utilizando ejercicios escritos y discusiones dirigidas en la resolución de dilemas lógicos | C99: =IFERROR(__xludf.DUMMYFUNCTION("""COMPUTED_VALUE"""),"Tercer Parcial Unidad 5 y 6") -> Tercer Parcial Unidad 5 y 6 | D99: =IFERROR(__xludf.DUMMYFUNCTION("""COMPUTED_VALUE"""),"Tercer Parcial Unidad 5 y 6") -> Tercer Parcial Unidad 5 y 6 | E99: =IFERROR(__xludf.DUMMYFUNCTION("""COMPUTED_VALUE"""),"Las falacias") -> Las falacias | F99: No | G99: Sí
B100: =IFERROR(__xludf.DUMMYFUNCTION("""COMPUTED_VALUE"""),"Evalua razonamientos y falacias utilizando ejercicios escritos y discusiones dirigidas en la resolución de dilemas lógicos ") -> Evalua razonamientos y falacias utilizando ejercicios escritos y discusiones dirigidas en la resolución de dilemas lógicos | C100: =IFERROR(__xludf.DUMMYFUNCTION("""COMPUTED_VALUE"""),"Tercer Parcial Unidad 5 y 6") -> Tercer Parcial Unidad 5 y 6 | D100: =IFERROR(__xludf.DUMMYFUNCTION("""COMPUTED_VALUE"""),"Tercer Parcial Unidad 5 y 6") -> Tercer Parcial Unidad 5 y 6 | E100: =IFERROR(__xludf.DUMMYFUNCTION("""COMPUTED_VALUE"""),"Caracteristicas y aspectos extennos e internos de los paradigmas") -> Caracteristicas y aspectos extennos e internos de los paradigmas | F100: No | G100: Sí
B101: =IFERROR(__xludf.DUMMYFUNCTION("""COMPUTED_VALUE"""),"Comprende los modelos mentales y paradigmas mediante el análisis de ejemplos y situaciones cotidianas en actividades de reflexión y discusión grupal ") -> Comprende los modelos mentales y paradigmas mediante el análisis de ejemplos y situaciones cotidianas en actividades de reflexión y discusión grupal | C101: =IFERROR(__xludf.DUMMYFUNCTION("""COMPUTED_VALUE"""),"Tercer Parcial Unidad 5 y 6") -> Tercer Parcial Unidad 5 y 6 | D101: =IFERROR(__xludf.DUMMYFUNCTION("""COMPUTED_VALUE"""),"Tercer Parcial Unidad 5 y 6") -> Tercer Parcial Unidad 5 y 6 | E101: =IFERROR(__xludf.DUMMYFUNCTION("""COMPUTED_VALUE"""),"Uso de paradigmas") -> Uso de paradigmas | F101: No | G101: Sí
...

Sheet Diseño_Lab_Post
B1: Que se impartio el en Curso Posterior el Segundo Semestre 2025
B3: Nombre del Curso | C3: Introducción a la Programación y Computación 2
B4: Codigo del Curso | C4: {=IFERROR(_xlfn.XLOOKUP(TRIM(C3), Competencias_actuales!L15:L1000, Competencias_actuales!K15:K1000), "Código no encontrado")} -> 771 | H4: =C4&" - "&C3 -> 771 - Introducción a la Programación y Computación 2
B6: No | C6: Competencia | D6: Unidad | E6: Tema | F6: Subtema | G6: Mes | H6: Semana
B7: =IFERROR(__xludf.DUMMYFUNCTION("QUERY(IMPORTRANGE(VLOOKUP(H4,METADA!A:B,2,FALSE), ""Diseño Curricular!A4:G500""), )"),1.0) -> 1 | C7: =IFERROR(__xludf.DUMMYFUNCTION("""COMPUTED_VALUE"""),"Aplica estructuras de control y funciones mediante programación básica en Python. para desarrollar algoritmos que resuelvan problemas. ") -> Aplica estructuras de control y funciones mediante programación básica en Python. para desarrollar algoritmos que resuelvan problemas. | D7: =IFERROR(__xludf.DUMMYFUNCTION("""COMPUTED_VALUE"""),"1. Introducción a Python") -> 1. Introducción a Python | E7: =IFERROR(__xludf.DUMMYFUNCTION("""COMPUTED_VALUE"""),"Introducción y Presentación") -> Introducción y Presentación | F7: =IFERROR(__xludf.DUMMYFUNCTION("""COMPUTED_VALUE"""),"Instalación de Python 3.X.X") -> Instalación de Python 3.X.X | G7: =IFERROR(__xludf.DUMMYFUNCTION("""COMPUTED_VALUE"""),"Julio") -> Julio | H7: =IFERROR(__xludf.DUMMYFUNCTION("""COMPUTED_VALUE"""),1.0) -> 1
B8: =IFERROR(__xludf.DUMMYFUNCTION("""COMPUTED_VALUE"""),2.0) -> 2 | C8: =IFERROR(__xludf.DUMMYFUNCTION("""COMPUTED_VALUE"""),"Aplica estructuras de control y funciones mediante programación básica en Python. para desarrollar algoritmos que resuelvan problemas. ") -> Aplica estructuras de control y funciones mediante programación básica en Python. para desarrollar algoritmos que resuelvan problemas. | D8: =IFERROR(__xludf.DUMMYFUNCTION("""COMPUTED_VALUE"""),"1. Introducción a Python") -> 1. Introducción a Python | E8: =IFERROR(__xludf.DUMMYFUNCTION("""COMPUTED_VALUE"""),"Introducción y Presentación") -> Introducción y Presentación | F8: =IFERROR(__xludf.DUMMYFUNCTION("""COMPUTED_VALUE"""),"Instalación del entorno de desarrollo") -> Instalación del entorno de desarrollo | G8: =IFERROR(__xludf.DUMMYFUNCTION("""COMPUTED_VALUE"""),"Julio") -> Julio | H8: =IFERROR(__xludf.DUMMYFUNCTION("""COMPUTED_VALUE"""),1.0) -> 1
B9: =IFERROR(__xludf.DUMMYFUNCTION("""COMPUTED_VALUE"""),3.0) -> 3 | C9: =IFERROR(__xludf.DUMMYFUNCTION("""COMPUTED_VALUE"""),"Aplica estructuras de control y funciones mediante programación básica en Python. para desarrollar algoritmos que resuelvan problemas. ") -> Aplica estructuras de control y funciones mediante programación básica en Python. para desarrollar algoritmos que resuelvan problemas. | D9: =IFERROR(__xludf.DUMMYFUNCTION("""COMPUTED_VALUE"""),"1. Introducción a Python") -> 1. Introducción a Python | E9: =IFERROR(__xludf.DUMMYFUNCTION("""COMPUTED_VALUE"""),"Introducción y Presentación") -> Introducción y Presentación | F9: =IFERROR(__xludf.DUMMYFUNCTION("""COMPUTED_VALUE"""),"Variables, Expresiones y sentencias") -> Variables, Expresiones y sentencias | G9: =IFERROR(__xludf.DUMMYFUNCTION("""COMPUTED_VALUE"""),"Julio") -> Julio | H9: =IFERROR(__xludf.DUMMYFUNCTION("""COMPUTED_VALUE"""),1.0) -> 1
B10: =IFERROR(__xludf.DUMMYFUNCTION("""COMPUTED_VALUE"""),4.0) -> 4 | C10: =IFERROR(__xludf.DUMMYFUNCTION("""COMPUTED_VALUE"""),"Aplica estructuras de control y funciones mediante programación básica en Python. para desarrollar algoritmos que resuelvan problemas. ") -> Aplica estructuras de control y funciones mediante programación básica en Python. para desarrollar algoritmos que resuelvan problemas. | D10: =IFERROR(__xludf.DUMMYFUNCTION("""COMPUTED_VALUE"""),"1. Introducción a Python") -> 1. Introducción a Python | E10: =IFERROR(__xludf.DUMMYFUNCTION("""COMPUTED_VALUE"""),"Introducción y Presentación") -> Introducción y Presentación | F10: =IFERROR(__xludf.DUMMYFUNCTION("""COMPUTED_VALUE"""),"Ejecuciones condicionales") -> Ejecuciones condicionales | G10: =IFERROR(__xludf.DUMMYFUNCTION("""COMPUTED_VALUE"""),"Julio") -> Julio | H10: =IFERROR(__xludf.DUMMYFUNCTION("""COMPUTED_VALUE"""),1.0) -> 1
B11: =IFERROR(__xludf.DUMMYFUNCTION("""COMPUTED_VALUE"""),5.0) -> 5 | C11: =IFERROR(__xludf.DUMMYFUNCTION("""COMPUTED_VALUE"""),"Aplica estructuras de control y funciones mediante programación básica en Python. para desarrollar algoritmos que resuelvan problemas. ") -> Aplica estructuras de control y funciones mediante programación básica en Python. para desarrollar algoritmos que resuelvan problemas. | D11: =IFERROR(__xludf.DUMMYFUNCTION("""COMPUTED_VALUE"""),"1. Introducción a Python") -> 1. Introducción a Python | E11: =IFERROR(__xludf.DUMMYFUNCTION("""COMPUTED_VALUE"""),"Introducción y Presentación") -> Introducción y Presentación | F11: =IFERROR(__xludf.DUMMYFUNCTION("""COMPUTED_VALUE"""),"Funciones") -> Funciones | G11: =IFERROR(__xludf.DUMMYFUNCTION("""COMPUTED_VALUE"""),"Julio") -> Julio | H11: =IFERROR(__xludf.DUMMYFUNCTION("""COMPUTED_VALUE"""),1.0) -> 1
B12: =IFERROR(__xludf.DUMMYFUNCTION("""COMPUTED_VALUE"""),6.0) -> 6 | C12: =IFERROR(__xludf.DUMMYFUNCTION("""COMPUTED_VALUE"""),"Aplica estructuras de control y funciones mediante programación básica en Python. para desarrollar algoritmos que resuelvan problemas. ") -> Aplica estructuras de control y funciones mediante programación básica en Python. para desarrollar algoritmos que resuelvan problemas. | D12: =IFERROR(__xludf.DUMMYFUNCTION("""COMPUTED_VALUE"""),"1. Introducción a Python") -> 1. Introducción a Python | E12: =IFERROR(__xludf.DUMMYFUNCTION("""COMPUTED_VALUE"""),"Introducción y Presentación") -> Introducción y Presentación | F12: =IFERROR(__xludf.DUMMYFUNCTION("""COMPUTED_VALUE"""),"Iteración") -> Iteración | G12: =IFERROR(__xludf.DUMMYFUNCTION("""COMPUTED_VALUE"""),"Julio") -> Julio | H12: =IFERROR(__xludf.DUMMYFUNCTION("""COMPUTED_VALUE"""),1.0) -> 1
B13: =IFERROR(__xludf.DUMMYFUNCTION("""COMPUTED_VALUE"""),7.0) -> 7 | C13: =IFERROR(__xludf.DUMMYFUNCTION("""COMPUTED_VALUE"""),"Aplica estructuras de control y funciones mediante programación básica en Python. para desarrollar algoritmos que resuelvan problemas. ") -> Aplica estructuras de control y funciones mediante programación básica en Python. para desarrollar algoritmos que resuelvan problemas. | D13: =IFERROR(__xludf.DUMMYFUNCTION("""COMPUTED_VALUE"""),"1. Introducción a Python") -> 1. Introducción a Python | E13: =IFERROR(__xludf.DUMMYFUNCTION("""COMPUTED_VALUE"""),"Introducción y Presentación") -> Introducción y Presentación | F13: =IFERROR(__xludf.DUMMYFUNCTION("""COMPUTED_VALUE"""),"Strings") -> Strings | G13: =IFERROR(__xludf.DUMMYFUNCTION("""COMPUTED_VALUE"""),"Julio") -> Julio | H13: =IFERROR(__xludf.DUMMYFUNCTION("""COMPUTED_VALUE"""),1.0) -> 1
B14: =IFERROR(__xludf.DUMMYFUNCTION("""COMPUTED_VALUE"""),8.0) -> 8 | C14: =IFERROR(__xludf.DUMMYFUNCTION("""COMPUTED_VALUE"""),"Aplica estructuras de control y funciones mediante programación básica en Python. para desarrollar algoritmos que resuelvan problemas. ") -> Aplica estructuras de control y funciones mediante programación básica en Python. para desarrollar algoritmos que resuelvan problemas. | D14: =IFERROR(__xludf.DUMMYFUNCTION("""COMPUTED_VALUE"""),"1. Introducción a Python") -> 1. Introducción a Python | E14: =IFERROR(__xludf.DUMMYFUNCTION("""COMPUTED_VALUE"""),"Programación Orientada a Objetos en Python") -> Programación Orientada a Objetos en Python | F14: =IFERROR(__xludf.DUMMYFUNCTION("""COMPUTED_VALUE"""),"Introducción al paradigma de POO") -> Introducción al paradigma de POO | G14: =IFERROR(__xludf.DUMMYFUNCTION("""COMPUTED_VALUE"""),"Julio") -> Julio | H14: =IFERROR(__xludf.DUMMYFUNCTION("""COMPUTED_VALUE"""),2.0) -> 2
B15: =IFERROR(__xludf.DUMMYFUNCTION("""COMPUTED_VALUE"""),9.0) -> 9 | C15: =IFERROR(__xludf.DUMMYFUNCTION("""COMPUTED_VALUE"""),"Aplica estructuras de control y funciones mediante programación básica en Python. para desarrollar algoritmos que resuelvan problemas. ") -> Aplica estructuras de control y funciones mediante programación básica en Python. para desarrollar algoritmos que resuelvan problemas. | D15: =IFERROR(__xludf.DUMMYFUNCTION("""COMPUTED_VALUE"""),"1. Introducción a Python") -> 1. Introducción a Python | E15: =IFERROR(__xludf.DUMMYFUNCTION("""COMPUTED_VALUE"""),"Programación Orientada a Objetos en Python") -> Programación Orientada a Objetos en Python | F15: =IFERROR(__xludf.DUMMYFUNCTION("""COMPUTED_VALUE"""),"Clases y Objetos(Métodos y Atributos)") -> Clases y Objetos(Métodos y Atributos) | G15: =IFERROR(__xludf.DUMMYFUNCTION("""COMPUTED_VALUE"""),"Julio") -> Julio | H15: =IFERROR(__xludf.DUMMYFUNCTION("""COMPUTED_VALUE"""),2.0) -> 2
B16: =IFERROR(__xludf.DUMMYFUNCTION("""COMPUTED_VALUE"""),10.0) -> 10 | C16: =IFERROR(__xludf.DUMMYFUNCTION("""COMPUTED_VALUE"""),"Aplica estructuras de control y funciones mediante programación básica en Python. para desarrollar algoritmos que resuelvan problemas. ") -> Aplica estructuras de control y funciones mediante programación básica en Python. para desarrollar algoritmos que resuelvan problemas. | D16: =IFERROR(__xludf.DUMMYFUNCTION("""COMPUTED_VALUE"""),"1. Introducción a Python") -> 1. Introducción a Python | E16: =IFERROR(__xludf.DUMMYFUNCTION("""COMPUTED_VALUE"""),"Programación Orientada a Objetos en Python") -> Programación Orientada a Objetos en Python | F16: =IFERROR(__xludf.DUMMYFUNCTION("""COMPUTED_VALUE"""),"Pilares de la POO (Herencia, Abstracción, Polimosfismo, Encapsulamiento)") -> Pilares de la POO (Herencia, Abstracción, Polimosfismo, Encapsulamiento) | G16: =IFERROR(__xludf.DUMMYFUNCTION("""COMPUTED_VALUE"""),"Julio") -> Julio | H16: =IFERROR(__xludf.DUMMYFUNCTION("""COMPUTED_VALUE"""),2.0) -> 2
B17: =IFERROR(__xludf.DUMMYFUNCTION("""COMPUTED_VALUE"""),11.0) -> 11 | C17: =IFERROR(__xludf.DUMMYFUNCTION("""COMPUTED_VALUE"""),"Aplica técnicas de control de versiones, como Git Flow, branching, merging y versionamiento semántico en GIT para asegurar la calidad del software mediante un historial de cambios estructurado. ") -> Aplica técnicas de control de versiones, como Git Flow, branching, merging y versionamiento semántico en GIT para asegurar la calidad del software mediante un historial de cambios estructurado. | D17: =IFERROR(__xludf.DUMMYFUNCTION("""COMPUTED_VALUE"""),"2. Manejo de versiones") -> 2. Manejo de versiones | E17: =IFERROR(__xludf.DUMMYFUNCTION("""COMPUTED_VALUE"""),"Git Workflow") -> Git Workflow | F17: =IFERROR(__xludf.DUMMYFUNCTION("""COMPUTED_VALUE"""),"Introducción a GIT y Control de versiones") -> Introducción a GIT y Control de versiones | G17: =IFERROR(__xludf.DUMMYFUNCTION("""COMPUTED_VALUE"""),"Agosto") -> Agosto | H17: =IFERROR(__xludf.DUMMYFUNCTION("""COMPUTED_VALUE"""),2.0) -> 2
B18: =IFERROR(__xludf.DUMMYFUNCTION("""COMPUTED_VALUE"""),12.0) -> 12 | C18: =IFERROR(__xludf.DUMMYFUNCTION("""COMPUTED_VALUE"""),"Aplica técnicas de control de versiones, como Git Flow, branching, merging y versionamiento semántico en GIT para asegurar la calidad del software mediante un historial de cambios estructurado. ") -> Aplica técnicas de control de versiones, como Git Flow, branching, merging y versionamiento semántico en GIT para asegurar la calidad del software mediante un historial de cambios estructurado. | D18: =IFERROR(__xludf.DUMMYFUNCTION("""COMPUTED_VALUE"""),"2. Manejo de versiones") -> 2. Manejo de versiones | E18: =IFERROR(__xludf.DUMMYFUNCTION("""COMPUTED_VALUE"""),"Git Workflow") -> Git Workflow | F18: =IFERROR(__xludf.DUMMYFUNCTION("""COMPUTED_VALUE"""),"Fundamentos de control de versiones con Git y su Configuracion Inicial para el versionamiento de proyectos") -> Fundamentos de control de versiones con Git y su Configuracion Inicial para el versionamiento de proyectos | G18: =IFERROR(__xludf.DUMMYFUNCTION("""COMPUTED_VALUE"""),"Agosto") -> Agosto | H18: =IFERROR(__xludf.DUMMYFUNCTION("""COMPUTED_VALUE"""),2.0) -> 2
B19: =IFERROR(__xludf.DUMMYFUNCTION("""COMPUTED_VALUE"""),13.0) -> 13 | C19: =IFERROR(__xludf.DUMMYFUNCTION("""COMPUTED_VALUE"""),"Aplica técnicas de control de versiones, como Git Flow, branching, merging y versionamiento semántico en GIT para asegurar la calidad del software mediante un historial de cambios estructurado. ") -> Aplica técnicas de control de versiones, como Git Flow, branching, merging y versionamiento semántico en GIT para asegurar la calidad del software mediante un historial de cambios estructurado. | D19: =IFERROR(__xludf.DUMMYFUNCTION("""COMPUTED_VALUE"""),"2. Manejo de versiones") -> 2. Manejo de versiones | E19: =IFERROR(__xludf.DUMMYFUNCTION("""COMPUTED_VALUE"""),"Git Workflow") -> Git Workflow | F19: =IFERROR(__xludf.DUMMYFUNCTION("""COMPUTED_VALUE"""),"Git Flow: Implementación de Troncales y Ramas") -> Git Flow: Implementación de Troncales y Ramas | G19: =IFERROR(__xludf.DUMMYFUNCTION("""COMPUTED_VALUE"""),"Agosto") -> Agosto | H19: =IFERROR(__xludf.DUMMYFUNCTION("""COMPUTED_VALUE"""),2.0) -> 2
B20: =IFERROR(__xludf.DUMMYFUNCTION("""COMPUTED_VALUE"""),14.0) -> 14 | C20: =IFERROR(__xludf.DUMMYFUNCTION("""COMPUTED_VALUE"""),"Aplica técnicas de control de versiones, como Git Flow, branching, merging y versionamiento semántico en GIT para asegurar la calidad del software mediante un historial de cambios estructurado. ") -> Aplica técnicas de control de versiones, como Git Flow, branching, merging y versionamiento semántico en GIT para asegurar la calidad del software mediante un historial de cambios estructurado. | D20: =IFERROR(__xludf.DUMMYFUNCTION("""COMPUTED_VALUE"""),"2. Manejo de versiones") -> 2. Manejo de versiones | E20: =IFERROR(__xludf.DUMMYFUNCTION("""COMPUTED_VALUE"""),"Git Workflow") -> Git Workflow | F20: =IFERROR(__xludf.DUMMYFUNCTION("""COMPUTED_VALUE"""),"Branching, Merging y Utilización de Etiquetas (Tags) en Git") -> Branching, Merging y Utilización de Etiquetas (Tags) en Git | G20: =IFERROR(__xludf.DUMMYFUNCTION("""COMPUTED_VALUE"""),"Agosto") -> Agosto | H20: =IFERROR(__xludf.DUMMYFUNCTION("""COMPUTED_VALUE"""),2.0) -> 2
B21: =IFERROR(__xludf.DUMMYFUNCTION("""COMPUTED_VALUE"""),15.0) -> 15 | C21: =IFERROR(__xludf.DUMMYFUNCTION("""COMPUTED_VALUE"""),"Analiza actividades en archivos XML utilizando técnicas de lectura estructurada para identificar y extraer información relevante. ") -> Analiza actividades en archivos XML utilizando técnicas de lectura estructurada para identificar y extraer información relevante. | D21: =IFERROR(__xludf.DUMMYFUNCTION("""COMPUTED_VALUE"""),"3. Procesamiento de datos XML") -> 3. Procesamiento de datos XML | E21: =IFERROR(__xludf.DUMMYFUNCTION("""COMPUTED_VALUE"""),"Lectura de actividades y XML") -> Lectura de actividades y XML | F21: =IFERROR(__xludf.DUMMYFUNCTION("""COMPUTED_VALUE"""),"Introducción a bases de XML") -> Introducción a bases de XML | G21: =IFERROR(__xludf.DUMMYFUNCTION("""COMPUTED_VALUE"""),"Agosto") -> Agosto | H21: =IFERROR(__xludf.DUMMYFUNCTION("""COMPUTED_VALUE"""),3.0) -> 3
B22: =IFERROR(__xludf.DUMMYFUNCTION("""COMPUTED_VALUE"""),16.0) -> 16 | C22: =IFERROR(__xludf.DUMMYFUNCTION("""COMPUTED_VALUE"""),"Analiza actividades en archivos XML utilizando técnicas de lectura estructurada para identificar y extraer información relevante. ") -> Analiza actividades en archivos XML utilizando técnicas de lectura estructurada para identificar y extraer información relevante. | D22: =IFERROR(__xludf.DUMMYFUNCTION("""COMPUTED_VALUE"""),"3. Procesamiento de datos XML") -> 3. Procesamiento de datos XML | E22: =IFERROR(__xludf.DUMMYFUNCTION("""COMPUTED_VALUE"""),"Lectura de actividades y XML") -> Lectura de actividades y XML | F22: =IFERROR(__xludf.DUMMYFUNCTION("""COMPUTED_VALUE"""),"Procesamiento de datos con libreria DOM") -> Procesamiento de datos con libreria DOM | G22: =IFERROR(__xludf.DUMMYFUNCTION("""COMPUTED_VALUE"""),"Agosto") -> Agosto | H22: =IFERROR(__xludf.DUMMYFUNCTION("""COMPUTED_VALUE"""),3.0) -> 3
B23: =IFERROR(__xludf.DUMMYFUNCTION("""COMPUTED_VALUE"""),17.0) -> 17 | C23: =IFERROR(__xludf.DUMMYFUNCTION("""COMPUTED_VALUE"""),"Analiza actividades en archivos XML utilizando técnicas de lectura estructurada para identificar y extraer información relevante. ") -> Analiza actividades en archivos XML utilizando técnicas de lectura estructurada para identificar y extraer información relevante. | D23: =IFERROR(__xludf.DUMMYFUNCTION("""COMPUTED_VALUE"""),"3. Procesamiento de datos XML") -> 3. Procesamiento de datos XML | E23: =IFERROR(__xludf.DUMMYFUNCTION("""COMPUTED_VALUE"""),"Lectura de actividades y XML") -> Lectura de actividades y XML | F23: =IFERROR(__xludf.DUMMYFUNCTION("""COMPUTED_VALUE"""),"Procesamiento de datos con libreria ElemntTree") -> Procesamiento de datos con libreria ElemntTree | G23: =IFERROR(__xludf.DUMMYFUNCTION("""COMPUTED_VALUE"""),"Agosto") -> Agosto | H23: =IFERROR(__xludf.DUMMYFUNCTION("""COMPUTED_VALUE"""),3.0) -> 3
B24: =IFERROR(__xludf.DUMMYFUNCTION("""COMPUTED_VALUE"""),18.0) -> 18 | C24: =IFERROR(__xludf.DUMMYFUNCTION("""COMPUTED_VALUE"""),"Analiza actividades en archivos XML utilizando técnicas de lectura estructurada para identificar y extraer información relevante. ") -> Analiza actividades en archivos XML utilizando técnicas de lectura estructurada para identificar y extraer información relevante. | D24: =IFERROR(__xludf.DUMMYFUNCTION("""COMPUTED_VALUE"""),"3. Procesamiento de datos XML") -> 3. Procesamiento de datos XML | E24: =IFERROR(__xludf.DUMMYFUNCTION("""COMPUTED_VALUE"""),"Lectura de actividades y XML") -> Lectura de actividades y XML | F24: =IFERROR(__xludf.DUMMYFUNCTION("""COMPUTED_VALUE"""),"Introduccion Xpath") -> Introduccion Xpath | G24: =IFERROR(__xludf.DUMMYFUNCTION("""COMPUTED_VALUE"""),"Agosto") -> Agosto | H24: =IFERROR(__xludf.DUMMYFUNCTION("""COMPUTED_VALUE"""),3.0) -> 3
B25: =IFERROR(__xludf.DUMMYFUNCTION("""COMPUTED_VALUE"""),19.0) -> 19 | C25: =IFERROR(__xludf.DUMMYFUNCTION("""COMPUTED_VALUE"""),"Analiza actividades en archivos XML utilizando técnicas de lectura estructurada para identificar y extraer información relevante. ") -> Analiza actividades en archivos XML utilizando técnicas de lectura estructurada para identificar y extraer información relevante. | D25: =IFERROR(__xludf.DUMMYFUNCTION("""COMPUTED_VALUE"""),"3. Procesamiento de datos XML") -> 3. Procesamiento de datos XML | E25: =IFERROR(__xludf.DUMMYFUNCTION("""COMPUTED_VALUE"""),"Lectura de actividades y XML") -> Lectura de actividades y XML | F25: =IFERROR(__xludf.DUMMYFUNCTION("""COMPUTED_VALUE"""),"Procesamiento de datos con libreria Xpath") -> Procesamiento de datos con libreria Xpath | G25: =IFERROR(__xludf.DUMMYFUNCTION("""COMPUTED_VALUE"""),"Agosto") -> Agosto | H25: =IFERROR(__xludf.DUMMYFUNCTION("""COMPUTED_VALUE"""),3.0) -> 3
B26: =IFERROR(__xludf.DUMMYFUNCTION("""COMPUTED_VALUE"""),20.0) -> 20 | C26: =IFERROR(__xludf.DUMMYFUNCTION("""COMPUTED_VALUE"""),"Analiza actividades en archivos XML utilizando técnicas de lectura estructurada para identificar y extraer información relevante. ") -> Analiza actividades en archivos XML utilizando técnicas de lectura estructurada para identificar y extraer información relevante. | D26: =IFERROR(__xludf.DUMMYFUNCTION("""COMPUTED_VALUE"""),"3. Procesamiento de datos XML") -> 3. Procesamiento de datos XML | E26: =IFERROR(__xludf.DUMMYFUNCTION("""COMPUTED_VALUE"""),"Lectura de actividades y XML") -> Lectura de actividades y XML | F26: =IFERROR(__xludf.DUMMYFUNCTION("""COMPUTED_VALUE"""),"Lectura XML") -> Lectura XML | G26: =IFERROR(__xludf.DUMMYFUNCTION("""COMPUTED_VALUE"""),"Agosto") -> Agosto | H26: =IFERROR(__xludf.DUMMYFUNCTION("""COMPUTED_VALUE"""),3.0) -> 3
B27: =IFERROR(__xludf.DUMMYFUNCTION("""COMPUTED_VALUE"""),21.0) -> 21 | C27: =IFERROR(__xludf.DUMMYFUNCTION("""COMPUTED_VALUE"""),"Analiza actividades en archivos XML utilizando técnicas de lectura estructurada para identificar y extraer información relevante. ") -> Analiza actividades en archivos XML utilizando técnicas de lectura estructurada para identificar y extraer información relevante. | D27: =IFERROR(__xludf.DUMMYFUNCTION("""COMPUTED_VALUE"""),"3. Procesamiento de datos XML") -> 3. Procesamiento de datos XML | E27: =IFERROR(__xludf.DUMMYFUNCTION("""COMPUTED_VALUE"""),"Lectura de actividades y XML") -> Lectura de actividades y XML | F27: =IFERROR(__xludf.DUMMYFUNCTION("""COMPUTED_VALUE"""),"Escritura XML") -> Escritura XML | G27: =IFERROR(__xludf.DUMMYFUNCTION("""COMPUTED_VALUE"""),"Agosto") -> Agosto | H27: =IFERROR(__xludf.DUMMYFUNCTION("""COMPUTED_VALUE"""),3.0) -> 3
B28: =IFERROR(__xludf.DUMMYFUNCTION("""COMPUTED_VALUE"""),22.0) -> 22 | C28: =IFERROR(__xludf.DUMMYFUNCTION("""COMPUTED_VALUE"""),"Aplica tuplas, listas, diccionarios nativos de Python en programas funcionales para almacenar y manipular conjunto de datos ") -> Aplica tuplas, listas, diccionarios nativos de Python en programas funcionales para almacenar y manipular conjunto de datos | D28: =IFERROR(__xludf.DUMMYFUNCTION("""COMPUTED_VALUE"""),"4. Estructuras de Datos") -> 4. Estructuras de Datos | E28: =IFERROR(__xludf.DUMMYFUNCTION("""COMPUTED_VALUE"""),"Tuplas, Listas y Diccionarios Nativos de Python") -> Tuplas, Listas y Diccionarios Nativos de Python | F28: =IFERROR(__xludf.DUMMYFUNCTION("""COMPUTED_VALUE"""),"Introduccion estructuras de datos") -> Introduccion estructuras de datos | G28: =IFERROR(__xludf.DUMMYFUNCTION("""COMPUTED_VALUE"""),"Agosto") -> Agosto | H28: =IFERROR(__xludf.DUMMYFUNCTION("""COMPUTED_VALUE"""),4.0) -> 4
B29: =IFERROR(__xludf.DUMMYFUNCTION("""COMPUTED_VALUE"""),23.0) -> 23 | C29: =IFERROR(__xludf.DUMMYFUNCTION("""COMPUTED_VALUE"""),"Aplica tuplas, listas, diccionarios nativos de Python en programas funcionales para almacenar y manipular conjunto de datos ") -> Aplica tuplas, listas, diccionarios nativos de Python en programas funcionales para almacenar y manipular conjunto de datos | D29: =IFERROR(__xludf.DUMMYFUNCTION("""COMPUTED_VALUE"""),"4. Estructuras de Datos") -> 4. Estructuras de Datos | E29: =IFERROR(__xludf.DUMMYFUNCTION("""COMPUTED_VALUE"""),"Tuplas, Listas y Diccionarios Nativos de Python ") -> Tuplas, Listas y Diccionarios Nativos de Python | F29: =IFERROR(__xludf.DUMMYFUNCTION("""COMPUTED_VALUE"""),"Listas nativas de python") -> Listas nativas de python | G29: =IFERROR(__xludf.DUMMYFUNCTION("""COMPUTED_VALUE"""),"Agosto") -> Agosto | H29: =IFERROR(__xludf.DUMMYFUNCTION("""COMPUTED_VALUE"""),4.0) -> 4
B30: =IFERROR(__xludf.DUMMYFUNCTION("""COMPUTED_VALUE"""),24.0) -> 24 | C30: =IFERROR(__xludf.DUMMYFUNCTION("""COMPUTED_VALUE"""),"Aplica tuplas, listas, diccionarios nativos de Python en programas funcionales para almacenar y manipular conjunto de datos ") -> Aplica tuplas, listas, diccionarios nativos de Python en programas funcionales para almacenar y manipular conjunto de datos | D30: =IFERROR(__xludf.DUMMYFUNCTION("""COMPUTED_VALUE"""),"4. Estructuras de Datos") -> 4. Estructuras de Datos | E30: =IFERROR(__xludf.DUMMYFUNCTION("""COMPUTED_VALUE"""),"Tuplas, Listas y Diccionarios Nativos de Python ") -> Tuplas, Listas y Diccionarios Nativos de Python | F30: =IFERROR(__xludf.DUMMYFUNCTION("""COMPUTED_VALUE"""),"Ficheros") -> Ficheros | G30: =IFERROR(__xludf.DUMMYFUNCTION("""COMPUTED_VALUE"""),"Agosto") -> Agosto | H30: =IFERROR(__xludf.DUMMYFUNCTION("""COMPUTED_VALUE"""),4.0) -> 4
B31: =IFERROR(__xludf.DUMMYFUNCTION("""COMPUTED_VALUE"""),25.0) -> 25 | C31: =IFERROR(__xludf.DUMMYFUNCTION("""COMPUTED_VALUE"""),"Aplica tuplas, listas, diccionarios nativos de Python en programas funcionales para almacenar y manipular conjunto de datos ") -> Aplica tuplas, listas, diccionarios nativos de Python en programas funcionales para almacenar y manipular conjunto de datos | D31: =IFERROR(__xludf.DUMMYFUNCTION("""COMPUTED_VALUE"""),"4. Estructuras de Datos") -> 4. Estructuras de Datos | E31: =IFERROR(__xludf.DUMMYFUNCTION("""COMPUTED_VALUE"""),"Tuplas, Listas y Diccionarios Nativos de Python") -> Tuplas, Listas y Diccionarios Nativos de Python | F31: =IFERROR(__xludf.DUMMYFUNCTION("""COMPUTED_VALUE"""),"Diccionarios") -> Diccionarios | G31: =IFERROR(__xludf.DUMMYFUNCTION("""COMPUTED_VALUE"""),"Agosto") -> Agosto | H31: =IFERROR(__xludf.DUMMYFUNCTION("""COMPUTED_VALUE"""),4.0) -> 4
B32: =IFERROR(__xludf.DUMMYFUNCTION("""COMPUTED_VALUE"""),26.0) -> 26 | C32: =IFERROR(__xludf.DUMMYFUNCTION("""COMPUTED_VALUE"""),"Aplica tuplas, listas, diccionarios nativos de Python en programas funcionales para almacenar y manipular conjunto de datos ") -> Aplica tuplas, listas, diccionarios nativos de Python en programas funcionales para almacenar y manipular conjunto de datos | D32: =IFERROR(__xludf.DUMMYFUNCTION("""COMPUTED_VALUE"""),"4. Estructuras de Datos") -> 4. Estructuras de Datos | E32: =IFERROR(__xludf.DUMMYFUNCTION("""COMPUTED_VALUE"""),"Tuplas, Listas y Diccionarios Nativos de Python") -> Tuplas, Listas y Diccionarios Nativos de Python | F32: =IFERROR(__xludf.DUMMYFUNCTION("""COMPUTED_VALUE"""),"Tuplas") -> Tuplas | G32: =IFERROR(__xludf.DUMMYFUNCTION("""COMPUTED_VALUE"""),"Agosto") -> Agosto | H32: =IFERROR(__xludf.DUMMYFUNCTION("""COMPUTED_VALUE"""),4.0) -> 4
B33: =IFERROR(__xludf.DUMMYFUNCTION("""COMPUTED_VALUE"""),27.0) -> 27 | C33: =IFERROR(__xludf.DUMMYFUNCTION("""COMPUTED_VALUE"""),"Aplica tuplas, listas, diccionarios nativos de Python en programas funcionales para almacenar y manipular conjunto de datos ") -> Aplica tuplas, listas, diccionarios nativos de Python en programas funcionales para almacenar y manipular conjunto de datos | D33: =IFERROR(__xludf.DUMMYFUNCTION("""COMPUTED_VALUE"""),"4. Estructuras de Datos") -> 4. Estructuras de Datos | E33: =IFERROR(__xludf.DUMMYFUNCTION("""COMPUTED_VALUE"""),"Tuplas, Listas y Diccionarios Nativos de Python ") -> Tuplas, Listas y Diccionarios Nativos de Python | F33: =IFERROR(__xludf.DUMMYFUNCTION("""COMPUTED_VALUE"""),"Expresiones regulares") -> Expresiones regulares | G33: =IFERROR(__xludf.DUMMYFUNCTION("""COMPUTED_VALUE"""),"Agosto") -> Agosto | H33: =IFERROR(__xludf.DUMMYFUNCTION("""COMPUTED_VALUE"""),4.0) -> 4
B34: =IFERROR(__xludf.DUMMYFUNCTION("""COMPUTED_VALUE"""),28.0) -> 28 | C34: =IFERROR(__xludf.DUMMYFUNCTION("""COMPUTED_VALUE"""),"Crea estructuras de datos dinámicas (listas enlazadas, doblemente enlazadas y circulares) mediante POO en Python e integrado datos desde archivos XML para implementar sistemas de gestión de datos eficientes que manejen relaciones complejas ") -> Crea estructuras de datos dinámicas (listas enlazadas, doblemente enlazadas y circulares) mediante POO en Python e integrado datos desde archivos XML para implementar sistemas de gestión de datos eficientes que manejen relaciones complejas | D34: =IFERROR(__xludf.DUMMYFUNCTION("""COMPUTED_VALUE"""),"4. Estructuras de Datos") -> 4. Estructuras de Datos | E34: =IFERROR(__xludf.DUMMYFUNCTION("""COMPUTED_VALUE"""),"Tuplas, Listas y Diccionarios Nativos de Python ") -> Tuplas, Listas y Diccionarios Nativos de Python | F34: =IFERROR(__xludf.DUMMYFUNCTION("""COMPUTED_VALUE"""),"Introducción a TDA's") -> Introducción a TDA's | G34: =IFERROR(__xludf.DUMMYFUNCTION("""COMPUTED_VALUE"""),"Agosto") -> Agosto | H34: =IFERROR(__xludf.DUMMYFUNCTION("""COMPUTED_VALUE"""),4.0) -> 4
B35: =IFERROR(__xludf.DUMMYFUNCTION("""COMPUTED_VALUE"""),29.0) -> 29 | C35: =IFERROR(__xludf.DUMMYFUNCTION("""COMPUTED_VALUE"""),"Crea estructuras de datos dinámicas (listas enlazadas, doblemente enlazadas y circulares) mediante POO en Python e integrado datos desde archivos XML para implementar sistemas de gestión de datos eficientes que manejen relaciones complejas ") -> Crea estructuras de datos dinámicas (listas enlazadas, doblemente enlazadas y circulares) mediante POO en Python e integrado datos desde archivos XML para implementar sistemas de gestión de datos eficientes que manejen relaciones complejas | D35: =IFERROR(__xludf.DUMMYFUNCTION("""COMPUTED_VALUE"""),"4. Estructuras de Datos") -> 4. Estructuras de Datos | E35: =IFERROR(__xludf.DUMMYFUNCTION("""COMPUTED_VALUE"""),"TDA ") -> TDA | F35: =IFERROR(__xludf.DUMMYFUNCTION("""COMPUTED_VALUE"""),"Concepto Lista enlazada simple") -> Concepto Lista enlazada simple | G35: =IFERROR(__xludf.DUMMYFUNCTION("""COMPUTED_VALUE"""),"Agosto") -> Agosto | H35: =IFERROR(__xludf.DUMMYFUNCTION("""COMPUTED_VALUE"""),5.0) -> 5
B36: =IFERROR(__xludf.DUMMYFUNCTION("""COMPUTED_VALUE"""),30.0) -> 30 | C36: =IFERROR(__xludf.DUMMYFUNCTION("""COMPUTED_VALUE"""),"Crea estructuras de datos dinámicas (listas enlazadas, doblemente enlazadas y circulares) mediante POO en Python e integrado datos desde archivos XML para implementar sistemas de gestión de datos eficientes que manejen relaciones complejas ") -> Crea estructuras de datos dinámicas (listas enlazadas, doblemente enlazadas y circulares) mediante POO en Python e integrado datos desde archivos XML para implementar sistemas de gestión de datos eficientes que manejen relaciones complejas | D36: =IFERROR(__xludf.DUMMYFUNCTION("""COMPUTED_VALUE"""),"4. Estructuras de Datos") -> 4. Estructuras de Datos | E36: =IFERROR(__xludf.DUMMYFUNCTION("""COMPUTED_VALUE"""),"TDA ") -> TDA | F36: =IFERROR(__xludf.DUMMYFUNCTION("""COMPUTED_VALUE"""),"Operaciones en lista enlazada simple") -> Operaciones en lista enlazada simple | G36: =IFERROR(__xludf.DUMMYFUNCTION("""COMPUTED_VALUE"""),"Agosto") -> Agosto | H36: =IFERROR(__xludf.DUMMYFUNCTION("""COMPUTED_VALUE"""),5.0) -> 5
B37: =IFERROR(__xludf.DUMMYFUNCTION("""COMPUTED_VALUE"""),31.0) -> 31 | C37: =IFERROR(__xludf.DUMMYFUNCTION("""COMPUTED_VALUE"""),"Crea estructuras de datos dinámicas (listas enlazadas, doblemente enlazadas y circulares) mediante POO en Python e integrado datos desde archivos XML para implementar sistemas de gestión de datos eficientes que manejen relaciones complejas ") -> Crea estructuras de datos dinámicas (listas enlazadas, doblemente enlazadas y circulares) mediante POO en Python e integrado datos desde archivos XML para implementar sistemas de gestión de datos eficientes que manejen relaciones complejas | D37: =IFERROR(__xludf.DUMMYFUNCTION("""COMPUTED_VALUE"""),"4. Estructuras de Datos") -> 4. Estructuras de Datos | E37: =IFERROR(__xludf.DUMMYFUNCTION("""COMPUTED_VALUE"""),"TDA ") -> TDA | F37: =IFERROR(__xludf.DUMMYFUNCTION("""COMPUTED_VALUE"""),"Concepto Lista enlazada doble") -> Concepto Lista enlazada doble | G37: =IFERROR(__xludf.DUMMYFUNCTION("""COMPUTED_VALUE"""),"Agosto") -> Agosto | H37: =IFERROR(__xludf.DUMMYFUNCTION("""COMPUTED_VALUE"""),5.0) -> 5
B38: =IFERROR(__xludf.DUMMYFUNCTION("""COMPUTED_VALUE"""),32.0) -> 32 | C38: =IFERROR(__xludf.DUMMYFUNCTION("""COMPUTED_VALUE"""),"Crea estructuras de datos dinámicas (listas enlazadas, doblemente enlazadas y circulares) mediante POO en Python e integrado datos desde archivos XML para implementar sistemas de gestión de datos eficientes que manejen relaciones complejas ") -> Crea estructuras de datos dinámicas (listas enlazadas, doblemente enlazadas y circulares) mediante POO en Python e integrado datos desde archivos XML para implementar sistemas de gestión de datos eficientes que manejen relaciones complejas | D38: =IFERROR(__xludf.DUMMYFUNCTION("""COMPUTED_VALUE"""),"4. Estructuras de Datos") -> 4. Estructuras de Datos | E38: =IFERROR(__xludf.DUMMYFUNCTION("""COMPUTED_VALUE"""),"TDA ") -> TDA | F38: =IFERROR(__xludf.DUMMYFUNCTION("""COMPUTED_VALUE"""),"Operaciones en lista enlazada doble") -> Operaciones en lista enlazada doble | G38: =IFERROR(__xludf.DUMMYFUNCTION("""COMPUTED_VALUE"""),"Agosto") -> Agosto | H38: =IFERROR(__xludf.DUMMYFUNCTION("""COMPUTED_VALUE"""),5.0) -> 5
B39: =IFERROR(__xludf.DUMMYFUNCTION("""COMPUTED_VALUE"""),33.0) -> 33 | C39: =IFERROR(__xludf.DUMMYFUNCTION("""COMPUTED_VALUE"""),"Crea estructuras de datos dinámicas (listas enlazadas, doblemente enlazadas y circulares) mediante POO en Python e integrado datos desde archivos XML para implementar sistemas de gestión de datos eficientes que manejen relaciones complejas ") -> Crea estructuras de datos dinámicas (listas enlazadas, doblemente enlazadas y circulares) mediante POO en Python e integrado datos desde archivos XML para implementar sistemas de gestión de datos eficientes que manejen relaciones complejas | D39: =IFERROR(__xludf.DUMMYFUNCTION("""COMPUTED_VALUE"""),"4. Estructuras de Datos") -> 4. Estructuras de Datos | E39: =IFERROR(__xludf.DUMMYFUNCTION("""COMPUTED_VALUE"""),"TDA ") -> TDA | F39: =IFERROR(__xludf.DUMMYFUNCTION("""COMPUTED_VALUE"""),"Concepto de lista circular") -> Concepto de lista circular | G39: =IFERROR(__xludf.DUMMYFUNCTION("""COMPUTED_VALUE"""),"Agosto") -> Agosto | H39: =IFERROR(__xludf.DUMMYFUNCTION("""COMPUTED_VALUE"""),5.0) -> 5
B40: =IFERROR(__xludf.DUMMYFUNCTION("""COMPUTED_VALUE"""),34.0) -> 34 | C40: =IFERROR(__xludf.DUMMYFUNCTION("""COMPUTED_VALUE"""),"Crea estructuras de datos dinámicas (listas enlazadas, doblemente enlazadas y circulares) mediante POO en Python e integrado datos desde archivos XML para implementar sistemas de gestión de datos eficientes que manejen relaciones complejas ") -> Crea estructuras de datos dinámicas (listas enlazadas, doblemente enlazadas y circulares) mediante POO en Python e integrado datos desde archivos XML para implementar sistemas de gestión de datos eficientes que manejen relaciones complejas | D40: =IFERROR(__xludf.DUMMYFUNCTION("""COMPUTED_VALUE"""),"4. Estructuras de Datos") -> 4. Estructuras de Datos | E40: =IFERROR(__xludf.DUMMYFUNCTION("""COMPUTED_VALUE"""),"TDA") -> TDA | F40: =IFERROR(__xludf.DUMMYFUNCTION("""COMPUTED_VALUE"""),"Operaciones en listas circulares") -> Operaciones en listas circulares | G40: =IFERROR(__xludf.DUMMYFUNCTION("""COMPUTED_VALUE"""),"Agosto") -> Agosto | H40: =IFERROR(__xludf.DUMMYFUNCTION("""COMPUTED_VALUE"""),5.0) -> 5
B41: =IFERROR(__xludf.DUMMYFUNCTION("""COMPUTED_VALUE"""),35.0) -> 35 | C41: =IFERROR(__xludf.DUMMYFUNCTION("""COMPUTED_VALUE"""),"Crea estructuras de datos dinámicas (listas enlazadas, doblemente enlazadas y circulares) mediante POO en Python e integrado datos desde archivos XML para implementar sistemas de gestión de datos eficientes que manejen relaciones complejas ") -> Crea estructuras de datos dinámicas (listas enlazadas, doblemente enlazadas y circulares) mediante POO en Python e integrado datos desde archivos XML para implementar sistemas de gestión de datos eficientes que manejen relaciones complejas | D41: =IFERROR(__xludf.DUMMYFUNCTION("""COMPUTED_VALUE"""),"4. Estructuras de Datos") -> 4. Estructuras de Datos | E41: =IFERROR(__xludf.DUMMYFUNCTION("""COMPUTED_VALUE"""),"TDA ") -> TDA | F41: =IFERROR(__xludf.DUMMYFUNCTION("""COMPUTED_VALUE"""),"Diferencia entre lista circular y no circular") -> Diferencia entre lista circular y no circular | G41: =IFERROR(__xludf.DUMMYFUNCTION("""COMPUTED_VALUE"""),"Agosto") -> Agosto | H41: =IFERROR(__xludf.DUMMYFUNCTION("""COMPUTED_VALUE"""),5.0) -> 5
B42: =IFERROR(__xludf.DUMMYFUNCTION("""COMPUTED_VALUE"""),36.0) -> 36 | C42: =IFERROR(__xludf.DUMMYFUNCTION("""COMPUTED_VALUE"""),"Crea estructuras de datos dinámicas (listas enlazadas, doblemente enlazadas y circulares) mediante POO en Python e integrado datos desde archivos XML para implementar sistemas de gestión de datos eficientes que manejen relaciones complejas ") -> Crea estructuras de datos dinámicas (listas enlazadas, doblemente enlazadas y circulares) mediante POO en Python e integrado datos desde archivos XML para implementar sistemas de gestión de datos eficientes que manejen relaciones complejas | D42: =IFERROR(__xludf.DUMMYFUNCTION("""COMPUTED_VALUE"""),"4. Estructuras de Datos") -> 4. Estructuras de Datos | E42: =IFERROR(__xludf.DUMMYFUNCTION("""COMPUTED_VALUE"""),"TDA y graphviz") -> TDA y graphviz | F42: =IFERROR(__xludf.DUMMYFUNCTION("""COMPUTED_VALUE"""),"Concepto de lista doblemente circular") -> Concepto de lista doblemente circular | G42: =IFERROR(__xludf.DUMMYFUNCTION("""COMPUTED_VALUE"""),"Agosto") -> Agosto | H42: =IFERROR(__xludf.DUMMYFUNCTION("""COMPUTED_VALUE"""),6.0) -> 6
B43: =IFERROR(__xludf.DUMMYFUNCTION("""COMPUTED_VALUE"""),37.0) -> 37 | C43: =IFERROR(__xludf.DUMMYFUNCTION("""COMPUTED_VALUE"""),"Crea estructuras de datos dinámicas (listas enlazadas, doblemente enlazadas y circulares) mediante POO en Python e integrado datos desde archivos XML para implementar sistemas de gestión de datos eficientes que manejen relaciones complejas ") -> Crea estructuras de datos dinámicas (listas enlazadas, doblemente enlazadas y circulares) mediante POO en Python e integrado datos desde archivos XML para implementar sistemas de gestión de datos eficientes que manejen relaciones complejas | D43: =IFERROR(__xludf.DUMMYFUNCTION("""COMPUTED_VALUE"""),"4. Estructuras de Datos") -> 4. Estructuras de Datos | E43: =IFERROR(__xludf.DUMMYFUNCTION("""COMPUTED_VALUE"""),"TDA y graphviz") -> TDA y graphviz | F43: =IFERROR(__xludf.DUMMYFUNCTION("""COMPUTED_VALUE"""),"Operaciones básicas en lista doblemente circular") -> Operaciones básicas en lista doblemente circular | G43: =IFERROR(__xludf.DUMMYFUNCTION("""COMPUTED_VALUE"""),"Agosto") -> Agosto | H43: =IFERROR(__xludf.DUMMYFUNCTION("""COMPUTED_VALUE"""),6.0) -> 6
B44: =IFERROR(__xludf.DUMMYFUNCTION("""COMPUTED_VALUE"""),38.0) -> 38 | C44: =IFERROR(__xludf.DUMMYFUNCTION("""COMPUTED_VALUE"""),"Crea estructuras de datos dinámicas (listas enlazadas, doblemente enlazadas y circulares) mediante POO en Python e integrado datos desde archivos XML para implementar sistemas de gestión de datos eficientes que manejen relaciones complejas ") -> Crea estructuras de datos dinámicas (listas enlazadas, doblemente enlazadas y circulares) mediante POO en Python e integrado datos desde archivos XML para implementar sistemas de gestión de datos eficientes que manejen relaciones complejas | D44: =IFERROR(__xludf.DUMMYFUNCTION("""COMPUTED_VALUE"""),"4. Estructuras de Datos") -> 4. Estructuras de Datos | E44: =IFERROR(__xludf.DUMMYFUNCTION("""COMPUTED_VALUE"""),"TDA y graphviz") -> TDA y graphviz | F44: =IFERROR(__xludf.DUMMYFUNCTION("""COMPUTED_VALUE"""),"Ventajas y comparación frente a otras listas") -> Ventajas y comparación frente a otras listas | G44: =IFERROR(__xludf.DUMMYFUNCTION("""COMPUTED_VALUE"""),"Agosto") -> Agosto | H44: =IFERROR(__xludf.DUMMYFUNCTION("""COMPUTED_VALUE"""),6.0) -> 6
B45: =IFERROR(__xludf.DUMMYFUNCTION("""COMPUTED_VALUE"""),39.0) -> 39 | C45: =IFERROR(__xludf.DUMMYFUNCTION("""COMPUTED_VALUE"""),"Crea estructuras de datos dinámicas (listas enlazadas, doblemente enlazadas y circulares) mediante POO en Python e integrado datos desde archivos XML para implementar sistemas de gestión de datos eficientes que manejen relaciones complejas ") -> Crea estructuras de datos dinámicas (listas enlazadas, doblemente enlazadas y circulares) mediante POO en Python e integrado datos desde archivos XML para implementar sistemas de gestión de datos eficientes que manejen relaciones complejas | D45: =IFERROR(__xludf.DUMMYFUNCTION("""COMPUTED_VALUE"""),"4. Estructuras de Datos") -> 4. Estructuras de Datos | E45: =IFERROR(__xludf.DUMMYFUNCTION("""COMPUTED_VALUE"""),"TDA y graphviz") -> TDA y graphviz | F45: =IFERROR(__xludf.DUMMYFUNCTION("""COMPUTED_VALUE"""),"Qué es Graphviz") -> Qué es Graphviz | G45: =IFERROR(__xludf.DUMMYFUNCTION("""COMPUTED_VALUE"""),"Agosto") -> Agosto | H45: =IFERROR(__xludf.DUMMYFUNCTION("""COMPUTED_VALUE"""),6.0) -> 6
B46: =IFERROR(__xludf.DUMMYFUNCTION("""COMPUTED_VALUE"""),40.0) -> 40 | C46: =IFERROR(__xludf.DUMMYFUNCTION("""COMPUTED_VALUE"""),"Crea estructuras de datos dinámicas (listas enlazadas, doblemente enlazadas y circulares) mediante POO en Python e integrado datos desde archivos XML para implementar sistemas de gestión de datos eficientes que manejen relaciones complejas ") -> Crea estructuras de datos dinámicas (listas enlazadas, doblemente enlazadas y circulares) mediante POO en Python e integrado datos desde archivos XML para implementar sistemas de gestión de datos eficientes que manejen relaciones complejas | D46: =IFERROR(__xludf.DUMMYFUNCTION("""COMPUTED_VALUE"""),"4. Estructuras de Datos") -> 4. Estructuras de Datos | E46: =IFERROR(__xludf.DUMMYFUNCTION("""COMPUTED_VALUE"""),"TDA y graphviz") -> TDA y graphviz | F46: =IFERROR(__xludf.DUMMYFUNCTION("""COMPUTED_VALUE"""),"Cómo se usa Graphviz para TDA's") -> Cómo se usa Graphviz para TDA's | G46: =IFERROR(__xludf.DUMMYFUNCTION("""COMPUTED_VALUE"""),"Agosto") -> Agosto | H46: =IFERROR(__xludf.DUMMYFUNCTION("""COMPUTED_VALUE"""),6.0) -> 6
B47: =IFERROR(__xludf.DUMMYFUNCTION("""COMPUTED_VALUE"""),41.0) -> 41 | C47: =IFERROR(__xludf.DUMMYFUNCTION("""COMPUTED_VALUE"""),"Crea estructuras de datos dinámicas (listas enlazadas, doblemente enlazadas y circulares) mediante POO en Python e integrado datos desde archivos XML para implementar sistemas de gestión de datos eficientes que manejen relaciones complejas ") -> Crea estructuras de datos dinámicas (listas enlazadas, doblemente enlazadas y circulares) mediante POO en Python e integrado datos desde archivos XML para implementar sistemas de gestión de datos eficientes que manejen relaciones complejas | D47: =IFERROR(__xludf.DUMMYFUNCTION("""COMPUTED_VALUE"""),"4. Estructuras de Datos") -> 4. Estructuras de Datos | E47: =IFERROR(__xludf.DUMMYFUNCTION("""COMPUTED_VALUE"""),"TDA y graphviz") -> TDA y graphviz | F47: =IFERROR(__xludf.DUMMYFUNCTION("""COMPUTED_VALUE"""),"Graficar TDA's con graphviz") -> Graficar TDA's con graphviz | G47: =IFERROR(__xludf.DUMMYFUNCTION("""COMPUTED_VALUE"""),"Agosto") -> Agosto | H47: =IFERROR(__xludf.DUMMYFUNCTION("""COMPUTED_VALUE"""),6.0) -> 6
B48: =IFERROR(__xludf.DUMMYFUNCTION("""COMPUTED_VALUE"""),42.0) -> 42 | C48: =IFERROR(__xludf.DUMMYFUNCTION("""COMPUTED_VALUE"""),"Crea páginas Web Básicas utilizando HTML5 y CSS para estructurar y dar estili a componentes web. ") -> Crea páginas Web Básicas utilizando HTML5 y CSS para estructurar y dar estili a componentes web. | D48: =IFERROR(__xludf.DUMMYFUNCTION("""COMPUTED_VALUE"""),"5. HTML5 y CSS") -> 5. HTML5 y CSS | E48: =IFERROR(__xludf.DUMMYFUNCTION("""COMPUTED_VALUE"""),"Introducción a HTML, CSS, JS") -> Introducción a HTML, CSS, JS | F48: =IFERROR(__xludf.DUMMYFUNCTION("""COMPUTED_VALUE"""),"Introducción a HTML5") -> Introducción a HTML5 | G48: =IFERROR(__xludf.DUMMYFUNCTION("""COMPUTED_VALUE"""),"Agosto") -> Agosto | H48: =IFERROR(__xludf.DUMMYFUNCTION("""COMPUTED_VALUE"""),7.0) -> 7
B49: =IFERROR(__xludf.DUMMYFUNCTION("""COMPUTED_VALUE"""),43.0) -> 43 | C49: =IFERROR(__xludf.DUMMYFUNCTION("""COMPUTED_VALUE"""),"Crea páginas Web Básicas utilizando HTML5 y CSS para estructurar y dar estili a componentes web. ") -> Crea páginas Web Básicas utilizando HTML5 y CSS para estructurar y dar estili a componentes web. | D49: =IFERROR(__xludf.DUMMYFUNCTION("""COMPUTED_VALUE"""),"5. HTML5 y CSS") -> 5. HTML5 y CSS | E49: =IFERROR(__xludf.DUMMYFUNCTION("""COMPUTED_VALUE"""),"Introducción a HTML, CSS, JS") -> Introducción a HTML, CSS, JS | F49: =IFERROR(__xludf.DUMMYFUNCTION("""COMPUTED_VALUE"""),". Estructura básica de HTML5") -> . Estructura básica de HTML5 | G49: =IFERROR(__xludf.DUMMYFUNCTION("""COMPUTED_VALUE"""),"Agosto") -> Agosto | H49: =IFERROR(__xludf.DUMMYFUNCTION("""COMPUTED_VALUE"""),7.0) -> 7
B50: =IFERROR(__xludf.DUMMYFUNCTION("""COMPUTED_VALUE"""),44.0) -> 44 | C50: =IFERROR(__xludf.DUMMYFUNCTION("""COMPUTED_VALUE"""),"Crea páginas Web Básicas utilizando HTML5 y CSS para estructurar y dar estili a componentes web. ") -> Crea páginas Web Básicas utilizando HTML5 y CSS para estructurar y dar estili a componentes web. | D50: =IFERROR(__xludf.DUMMYFUNCTION("""COMPUTED_VALUE"""),"5. HTML5 y CSS") -> 5. HTML5 y CSS | E50: =IFERROR(__xludf.DUMMYFUNCTION("""COMPUTED_VALUE"""),"Introducción a HTML, CSS, JS") -> Introducción a HTML, CSS, JS | F50: =IFERROR(__xludf.DUMMYFUNCTION("""COMPUTED_VALUE"""),"Componentes básicos de HTML5") -> Componentes básicos de HTML5 | G50: =IFERROR(__xludf.DUMMYFUNCTION("""COMPUTED_VALUE"""),"Agosto") -> Agosto | H50: =IFERROR(__xludf.DUMMYFUNCTION("""COMPUTED_VALUE"""),7.0) -> 7
B51: =IFERROR(__xludf.DUMMYFUNCTION("""COMPUTED_VALUE"""),45.0) -> 45 | C51: =IFERROR(__xludf.DUMMYFUNCTION("""COMPUTED_VALUE"""),"Crea páginas Web Básicas utilizando HTML5 y CSS para estructurar y dar estili a componentes web. ") -> Crea páginas Web Básicas utilizando HTML5 y CSS para estructurar y dar estili a componentes web. | D51: =IFERROR(__xludf.DUMMYFUNCTION("""COMPUTED_VALUE"""),"5. HTML5 y CSS") -> 5. HTML5 y CSS | E51: =IFERROR(__xludf.DUMMYFUNCTION("""COMPUTED_VALUE"""),"Introducción a HTML, CSS, JS") -> Introducción a HTML, CSS, JS | F51: =IFERROR(__xludf.DUMMYFUNCTION("""COMPUTED_VALUE"""),"Introducción a CSS") -> Introducción a CSS | G51: =IFERROR(__xludf.DUMMYFUNCTION("""COMPUTED_VALUE"""),"Agosto") -> Agosto | H51: =IFERROR(__xludf.DUMMYFUNCTION("""COMPUTED_VALUE"""),7.0) -> 7
B52: =IFERROR(__xludf.DUMMYFUNCTION("""COMPUTED_VALUE"""),46.0) -> 46 | C52: =IFERROR(__xludf.DUMMYFUNCTION("""COMPUTED_VALUE"""),"Crea páginas Web Básicas utilizando HTML5 y CSS para estructurar y dar estili a componentes web. ") -> Crea páginas Web Básicas utilizando HTML5 y CSS para estructurar y dar estili a componentes web. | D52: =IFERROR(__xludf.DUMMYFUNCTION("""COMPUTED_VALUE"""),"5. HTML5 y CSS") -> 5. HTML5 y CSS | E52: =IFERROR(__xludf.DUMMYFUNCTION("""COMPUTED_VALUE"""),"Introducción a HTML, CSS, JS") -> Introducción a HTML, CSS, JS | F52: =IFERROR(__xludf.DUMMYFUNCTION("""COMPUTED_VALUE"""),". Estructura básica de CSS") -> . Estructura básica de CSS | G52: =IFERROR(__xludf.DUMMYFUNCTION("""COMPUTED_VALUE"""),"Agosto") -> Agosto | H52: =IFERROR(__xludf.DUMMYFUNCTION("""COMPUTED_VALUE"""),7.0) -> 7
B53: =IFERROR(__xludf.DUMMYFUNCTION("""COMPUTED_VALUE"""),47.0) -> 47 | C53: =IFERROR(__xludf.DUMMYFUNCTION("""COMPUTED_VALUE"""),"Crea páginas Web Básicas utilizando HTML5 y CSS para estructurar y dar estili a componentes web. ") -> Crea páginas Web Básicas utilizando HTML5 y CSS para estructurar y dar estili a componentes web. | D53: =IFERROR(__xludf.DUMMYFUNCTION("""COMPUTED_VALUE"""),"5. HTML5 y CSS") -> 5. HTML5 y CSS | E53: =IFERROR(__xludf.DUMMYFUNCTION("""COMPUTED_VALUE"""),"Introducción a HTML, CSS, JS") -> Introducción a HTML, CSS, JS | F53: =IFERROR(__xludf.DUMMYFUNCTION("""COMPUTED_VALUE"""),"Componentes básicos de CSS") -> Componentes básicos de CSS | G53: =IFERROR(__xludf.DUMMYFUNCTION("""COMPUTED_VALUE"""),"Agosto") -> Agosto | H53: =IFERROR(__xludf.DUMMYFUNCTION("""COMPUTED_VALUE"""),7.0) -> 7
B54: =IFERROR(__xludf.DUMMYFUNCTION("""COMPUTED_VALUE"""),48.0) -> 48 | C54: =IFERROR(__xludf.DUMMYFUNCTION("""COMPUTED_VALUE"""),"Crea páginas Web Básicas utilizando HTML5 y CSS para estructurar y dar estili a componentes web. ") -> Crea páginas Web Básicas utilizando HTML5 y CSS para estructurar y dar estili a componentes web. | D54: =IFERROR(__xludf.DUMMYFUNCTION("""COMPUTED_VALUE"""),"5. HTML5 y CSS") -> 5. HTML5 y CSS | E54: =IFERROR(__xludf.DUMMYFUNCTION("""COMPUTED_VALUE"""),"Introducción a HTML, CSS, JS") -> Introducción a HTML, CSS, JS | F54: =IFERROR(__xludf.DUMMYFUNCTION("""COMPUTED_VALUE"""),"Ejemplos prácticos") -> Ejemplos prácticos | G54: =IFERROR(__xludf.DUMMYFUNCTION("""COMPUTED_VALUE"""),"Agosto") -> Agosto | H54: =IFERROR(__xludf.DUMMYFUNCTION("""COMPUTED_VALUE"""),7.0) -> 7
B55: =IFERROR(__xludf.DUMMYFUNCTION("""COMPUTED_VALUE"""),49.0) -> 49 | C55: =IFERROR(__xludf.DUMMYFUNCTION("""COMPUTED_VALUE"""),"Desarrolla aplicaciones web con Flask o Django en Python para soportar arquitecturas backend y frontend bien definidas. ") -> Desarrolla aplicaciones web con Flask o Django en Python para soportar arquitecturas backend y frontend bien definidas. | D55: =IFERROR(__xludf.DUMMYFUNCTION("""COMPUTED_VALUE"""),"6. Entorno para desarrollo Web en Python") -> 6. Entorno para desarrollo Web en Python | E55: =IFERROR(__xludf.DUMMYFUNCTION("""COMPUTED_VALUE"""),"Introducción a servidores web y Flask") -> Introducción a servidores web y Flask | F55: =IFERROR(__xludf.DUMMYFUNCTION("""COMPUTED_VALUE"""),"Entorno para desarrollo Web en Python") -> Entorno para desarrollo Web en Python | G55: =IFERROR(__xludf.DUMMYFUNCTION("""COMPUTED_VALUE"""),"Octubre") -> Octubre | H55: =IFERROR(__xludf.DUMMYFUNCTION("""COMPUTED_VALUE"""),8.0) -> 8
B56: =IFERROR(__xludf.DUMMYFUNCTION("""COMPUTED_VALUE"""),50.0) -> 50 | C56: =IFERROR(__xludf.DUMMYFUNCTION("""COMPUTED_VALUE"""),"Desarrolla aplicaciones web con Flask o Django en Python para soportar arquitecturas backend y frontend bien definidas. ") -> Desarrolla aplicaciones web con Flask o Django en Python para soportar arquitecturas backend y frontend bien definidas. | D56: =IFERROR(__xludf.DUMMYFUNCTION("""COMPUTED_VALUE"""),"6. Entorno para desarrollo Web en Python") -> 6. Entorno para desarrollo Web en Python | E56: =IFERROR(__xludf.DUMMYFUNCTION("""COMPUTED_VALUE"""),"Introducción a servidores web y Flask") -> Introducción a servidores web y Flask | F56: =IFERROR(__xludf.DUMMYFUNCTION("""COMPUTED_VALUE"""),"Flask") -> Flask | G56: =IFERROR(__xludf.DUMMYFUNCTION("""COMPUTED_VALUE"""),"Octubre") -> Octubre | H56: =IFERROR(__xludf.DUMMYFUNCTION("""COMPUTED_VALUE"""),8.0) -> 8
B57: =IFERROR(__xludf.DUMMYFUNCTION("""COMPUTED_VALUE"""),51.0) -> 51 | C57: =IFERROR(__xludf.DUMMYFUNCTION("""COMPUTED_VALUE"""),"Desarrolla aplicaciones web con Flask o Django en Python para soportar arquitecturas backend y frontend bien definidas. ") -> Desarrolla aplicaciones web con Flask o Django en Python para soportar arquitecturas backend y frontend bien definidas. | D57: =IFERROR(__xludf.DUMMYFUNCTION("""COMPUTED_VALUE"""),"6. Entorno para desarrollo Web en Python") -> 6. Entorno para desarrollo Web en Python | E57: =IFERROR(__xludf.DUMMYFUNCTION("""COMPUTED_VALUE"""),"Introducción a servidores web y Flask") -> Introducción a servidores web y Flask | F57: =IFERROR(__xludf.DUMMYFUNCTION("""COMPUTED_VALUE"""),"Introducción a Flask y Configuración del Entorno") -> Introducción a Flask y Configuración del Entorno | G57: =IFERROR(__xludf.DUMMYFUNCTION("""COMPUTED_VALUE"""),"Octubre") -> Octubre | H57: =IFERROR(__xludf.DUMMYFUNCTION("""COMPUTED_VALUE"""),8.0) -> 8
B58: =IFERROR(__xludf.DUMMYFUNCTION("""COMPUTED_VALUE"""),52.0) -> 52 | C58: =IFERROR(__xludf.DUMMYFUNCTION("""COMPUTED_VALUE"""),"Desarrolla aplicaciones web con Flask o Django en Python para soportar arquitecturas backend y frontend bien definidas. ") -> Desarrolla aplicaciones web con Flask o Django en Python para soportar arquitecturas backend y frontend bien definidas. | D58: =IFERROR(__xludf.DUMMYFUNCTION("""COMPUTED_VALUE"""),"6. Entorno para desarrollo Web en Python") -> 6. Entorno para desarrollo Web en Python | E58: =IFERROR(__xludf.DUMMYFUNCTION("""COMPUTED_VALUE"""),"Introducción a servidores web y Flask") -> Introducción a servidores web y Flask | F58: =IFERROR(__xludf.DUMMYFUNCTION("""COMPUTED_VALUE"""),"Rutas y Vistas") -> Rutas y Vistas | G58: =IFERROR(__xludf.DUMMYFUNCTION("""COMPUTED_VALUE"""),"Octubre") -> Octubre | H58: =IFERROR(__xludf.DUMMYFUNCTION("""COMPUTED_VALUE"""),8.0) -> 8
B59: =IFERROR(__xludf.DUMMYFUNCTION("""COMPUTED_VALUE"""),53.0) -> 53 | C59: =IFERROR(__xludf.DUMMYFUNCTION("""COMPUTED_VALUE"""),"Desarrolla aplicaciones web con Flask o Django en Python para soportar arquitecturas backend y frontend bien definidas. ") -> Desarrolla aplicaciones web con Flask o Django en Python para soportar arquitecturas backend y frontend bien definidas. | D59: =IFERROR(__xludf.DUMMYFUNCTION("""COMPUTED_VALUE"""),"6. Entorno para desarrollo Web en Python") -> 6. Entorno para desarrollo Web en Python | E59: =IFERROR(__xludf.DUMMYFUNCTION("""COMPUTED_VALUE"""),"Introducción a servidores web y Flask") -> Introducción a servidores web y Flask | F59: =IFERROR(__xludf.DUMMYFUNCTION("""COMPUTED_VALUE"""),"Plantillas con Jinja") -> Plantillas con Jinja | G59: =IFERROR(__xludf.DUMMYFUNCTION("""COMPUTED_VALUE"""),"Octubre") -> Octubre | H59: =IFERROR(__xludf.DUMMYFUNCTION("""COMPUTED_VALUE"""),8.0) -> 8
B60: =IFERROR(__xludf.DUMMYFUNCTION("""COMPUTED_VALUE"""),54.0) -> 54 | C60: =IFERROR(__xludf.DUMMYFUNCTION("""COMPUTED_VALUE"""),"Desarrolla aplicaciones web con Flask o Django en Python para soportar arquitecturas backend y frontend bien definidas. ") -> Desarrolla aplicaciones web con Flask o Django en Python para soportar arquitecturas backend y frontend bien definidas. | D60: =IFERROR(__xludf.DUMMYFUNCTION("""COMPUTED_VALUE"""),"6. Entorno para desarrollo Web en Python") -> 6. Entorno para desarrollo Web en Python | E60: =IFERROR(__xludf.DUMMYFUNCTION("""COMPUTED_VALUE"""),"Introducción a servidores web y Flask") -> Introducción a servidores web y Flask | F60: =IFERROR(__xludf.DUMMYFUNCTION("""COMPUTED_VALUE"""),"Manejo de Formularios y Datos de Usuario") -> Manejo de Formularios y Datos de Usuario | G60: =IFERROR(__xludf.DUMMYFUNCTION("""COMPUTED_VALUE"""),"Octubre") -> Octubre | H60: =IFERROR(__xludf.DUMMYFUNCTION("""COMPUTED_VALUE"""),8.0) -> 8
B61: =IFERROR(__xludf.DUMMYFUNCTION("""COMPUTED_VALUE"""),55.0) -> 55 | C61: =IFERROR(__xludf.DUMMYFUNCTION("""COMPUTED_VALUE"""),"Desarrolla aplicaciones web con Flask o Django en Python para soportar arquitecturas backend y frontend bien definidas. ") -> Desarrolla aplicaciones web con Flask o Django en Python para soportar arquitecturas backend y frontend bien definidas. | D61: =IFERROR(__xludf.DUMMYFUNCTION("""COMPUTED_VALUE"""),"6. Entorno para desarrollo Web en Python") -> 6. Entorno para desarrollo Web en Python | E61: =IFERROR(__xludf.DUMMYFUNCTION("""COMPUTED_VALUE"""),"Introducción a servidores web y Flask") -> Introducción a servidores web y Flask | F61: =IFERROR(__xludf.DUMMYFUNCTION("""COMPUTED_VALUE"""),"Ejemplos prácticos") -> Ejemplos prácticos | G61: =IFERROR(__xludf.DUMMYFUNCTION("""COMPUTED_VALUE"""),"Octubre") -> Octubre | H61: =IFERROR(__xludf.DUMMYFUNCTION("""COMPUTED_VALUE"""),8.0) -> 8
B62: =IFERROR(__xludf.DUMMYFUNCTION("""COMPUTED_VALUE"""),56.0) -> 56 | C62: =IFERROR(__xludf.DUMMYFUNCTION("""COMPUTED_VALUE"""),"Desarrolla aplicaciones web con Flask o Django en Python para soportar arquitecturas backend y frontend bien definidas. ") -> Desarrolla aplicaciones web con Flask o Django en Python para soportar arquitecturas backend y frontend bien definidas. | D62: =IFERROR(__xludf.DUMMYFUNCTION("""COMPUTED_VALUE"""),"6. Entorno para desarrollo Web en Python") -> 6. Entorno para desarrollo Web en Python | E62: =IFERROR(__xludf.DUMMYFUNCTION("""COMPUTED_VALUE"""),"Instalación y Configuración en Django") -> Instalación y Configuración en Django | F62: =IFERROR(__xludf.DUMMYFUNCTION("""COMPUTED_VALUE"""),"Instalación y configuracion") -> Instalación y configuracion | G62: =IFERROR(__xludf.DUMMYFUNCTION("""COMPUTED_VALUE"""),"Octubre") -> Octubre | H62: =IFERROR(__xludf.DUMMYFUNCTION("""COMPUTED_VALUE"""),9.0) -> 9
B63: =IFERROR(__xludf.DUMMYFUNCTION("""COMPUTED_VALUE"""),57.0) -> 57 | C63: =IFERROR(__xludf.DUMMYFUNCTION("""COMPUTED_VALUE"""),"Desarrolla aplicaciones web con Flask o Django en Python para soportar arquitecturas backend y frontend bien definidas. ") -> Desarrolla aplicaciones web con Flask o Django en Python para soportar arquitecturas backend y frontend bien definidas. | D63: =IFERROR(__xludf.DUMMYFUNCTION("""COMPUTED_VALUE"""),"6. Entorno para desarrollo Web en Python") -> 6. Entorno para desarrollo Web en Python | E63: =IFERROR(__xludf.DUMMYFUNCTION("""COMPUTED_VALUE"""),"Instalación y Configuración en Django") -> Instalación y Configuración en Django | F63: =IFERROR(__xludf.DUMMYFUNCTION("""COMPUTED_VALUE"""),"Apps en Django") -> Apps en Django | G63: =IFERROR(__xludf.DUMMYFUNCTION("""COMPUTED_VALUE"""),"Octubre") -> Octubre | H63: =IFERROR(__xludf.DUMMYFUNCTION("""COMPUTED_VALUE"""),9.0) -> 9
B64: =IFERROR(__xludf.DUMMYFUNCTION("""COMPUTED_VALUE"""),58.0) -> 58 | C64: =IFERROR(__xludf.DUMMYFUNCTION("""COMPUTED_VALUE"""),"Desarrolla aplicaciones web con Flask o Django en Python para soportar arquitecturas backend y frontend bien definidas. ") -> Desarrolla aplicaciones web con Flask o Django en Python para soportar arquitecturas backend y frontend bien definidas. | D64: =IFERROR(__xludf.DUMMYFUNCTION("""COMPUTED_VALUE"""),"6. Entorno para desarrollo Web en Python") -> 6. Entorno para desarrollo Web en Python | E64: =IFERROR(__xludf.DUMMYFUNCTION("""COMPUTED_VALUE"""),"Instalación y Configuración en Django") -> Instalación y Configuración en Django | F64: =IFERROR(__xludf.DUMMYFUNCTION("""COMPUTED_VALUE"""),"Modelos en Django") -> Modelos en Django | G64: =IFERROR(__xludf.DUMMYFUNCTION("""COMPUTED_VALUE"""),"Octubre") -> Octubre | H64: =IFERROR(__xludf.DUMMYFUNCTION("""COMPUTED_VALUE"""),9.0) -> 9
B65: =IFERROR(__xludf.DUMMYFUNCTION("""COMPUTED_VALUE"""),59.0) -> 59 | C65: =IFERROR(__xludf.DUMMYFUNCTION("""COMPUTED_VALUE"""),"Desarrolla aplicaciones web con Flask o Django en Python para soportar arquitecturas backend y frontend bien definidas. ") -> Desarrolla aplicaciones web con Flask o Django en Python para soportar arquitecturas backend y frontend bien definidas. | D65: =IFERROR(__xludf.DUMMYFUNCTION("""COMPUTED_VALUE"""),"6. Entorno para desarrollo Web en Python") -> 6. Entorno para desarrollo Web en Python | E65: =IFERROR(__xludf.DUMMYFUNCTION("""COMPUTED_VALUE"""),"Instalación y Configuración en Django") -> Instalación y Configuración en Django | F65: =IFERROR(__xludf.DUMMYFUNCTION("""COMPUTED_VALUE"""),"Creando un módulo") -> Creando un módulo | G65: =IFERROR(__xludf.DUMMYFUNCTION("""COMPUTED_VALUE"""),"Octubre") -> Octubre | H65: =IFERROR(__xludf.DUMMYFUNCTION("""COMPUTED_VALUE"""),9.0) -> 9
B66: =IFERROR(__xludf.DUMMYFUNCTION("""COMPUTED_VALUE"""),60.0) -> 60 | C66: =IFERROR(__xludf.DUMMYFUNCTION("""COMPUTED_VALUE"""),"Desarrolla aplicaciones web con Flask o Django en Python para soportar arquitecturas backend y frontend bien definidas. ") -> Desarrolla aplicaciones web con Flask o Django en Python para soportar arquitecturas backend y frontend bien definidas. | D66: =IFERROR(__xludf.DUMMYFUNCTION("""COMPUTED_VALUE"""),"6. Entorno para desarrollo Web en Python") -> 6. Entorno para desarrollo Web en Python | E66: =IFERROR(__xludf.DUMMYFUNCTION("""COMPUTED_VALUE"""),"Creación de Vistas y Uso de Plantillas en Django") -> Creación de Vistas y Uso de Plantillas en Django | F66: =IFERROR(__xludf.DUMMYFUNCTION("""COMPUTED_VALUE"""),"Creando Vistas") -> Creando Vistas | G66: =IFERROR(__xludf.DUMMYFUNCTION("""COMPUTED_VALUE"""),"Octubre") -> Octubre | H66: =IFERROR(__xludf.DUMMYFUNCTION("""COMPUTED_VALUE"""),9.0) -> 9
B67: =IFERROR(__xludf.DUMMYFUNCTION("""COMPUTED_VALUE"""),61.0) -> 61 | C67: =IFERROR(__xludf.DUMMYFUNCTION("""COMPUTED_VALUE"""),"Desarrolla aplicaciones web con Flask o Django en Python para soportar arquitecturas backend y frontend bien definidas. ") -> Desarrolla aplicaciones web con Flask o Django en Python para soportar arquitecturas backend y frontend bien definidas. | D67: =IFERROR(__xludf.DUMMYFUNCTION("""COMPUTED_VALUE"""),"6. Entorno para desarrollo Web en Python") -> 6. Entorno para desarrollo Web en Python | E67: =IFERROR(__xludf.DUMMYFUNCTION("""COMPUTED_VALUE"""),"Creación de Vistas y Uso de Plantillas en Django") -> Creación de Vistas y Uso de Plantillas en Django | F67: =IFERROR(__xludf.DUMMYFUNCTION("""COMPUTED_VALUE"""),"Panel de administración de Django") -> Panel de administración de Django | G67: =IFERROR(__xludf.DUMMYFUNCTION("""COMPUTED_VALUE"""),"Octubre") -> Octubre | H67: =IFERROR(__xludf.DUMMYFUNCTION("""COMPUTED_VALUE"""),9.0) -> 9
B68: =IFERROR(__xludf.DUMMYFUNCTION("""COMPUTED_VALUE"""),62.0) -> 62 | C68: =IFERROR(__xludf.DUMMYFUNCTION("""COMPUTED_VALUE"""),"Desarrolla aplicaciones web con Flask o Django en Python para soportar arquitecturas backend y frontend bien definidas. ") -> Desarrolla aplicaciones web con Flask o Django en Python para soportar arquitecturas backend y frontend bien definidas. | D68: =IFERROR(__xludf.DUMMYFUNCTION("""COMPUTED_VALUE"""),"6. Entorno para desarrollo Web en Python") -> 6. Entorno para desarrollo Web en Python | E68: =IFERROR(__xludf.DUMMYFUNCTION("""COMPUTED_VALUE"""),"Creación de Vistas y Uso de Plantillas en Django") -> Creación de Vistas y Uso de Plantillas en Django | F68: =IFERROR(__xludf.DUMMYFUNCTION("""COMPUTED_VALUE"""),"Templates y archivos estátitcos en Django") -> Templates y archivos estátitcos en Django | G68: =IFERROR(__xludf.DUMMYFUNCTION("""COMPUTED_VALUE"""),"Octubre") -> Octubre | H68: =IFERROR(__xludf.DUMMYFUNCTION("""COMPUTED_VALUE"""),9.0) -> 9
B69: =IFERROR(__xludf.DUMMYFUNCTION("""COMPUTED_VALUE"""),63.0) -> 63 | C69: =IFERROR(__xludf.DUMMYFUNCTION("""COMPUTED_VALUE"""),"Implementa comunicación cliente-servidor mediante protocolos HTTP/HTTPS para desarrollar APIs seguras y eficientes ") -> Implementa comunicación cliente-servidor mediante protocolos HTTP/HTTPS para desarrollar APIs seguras y eficientes | D69: =IFERROR(__xludf.DUMMYFUNCTION("""COMPUTED_VALUE"""),"7. JavaScript Object Notation (JSON)") -> 7. JavaScript Object Notation (JSON) | E69: =IFERROR(__xludf.DUMMYFUNCTION("""COMPUTED_VALUE"""),"Estructura y Manejo de Datos JSON") -> Estructura y Manejo de Datos JSON | F69: =IFERROR(__xludf.DUMMYFUNCTION("""COMPUTED_VALUE"""),"Sintaxis de JSON, JSON vs XML") -> Sintaxis de JSON, JSON vs XML | G69: =IFERROR(__xludf.DUMMYFUNCTION("""COMPUTED_VALUE"""),"Octubre") -> Octubre | H69: =IFERROR(__xludf.DUMMYFUNCTION("""COMPUTED_VALUE"""),10.0) -> 10
B70: =IFERROR(__xludf.DUMMYFUNCTION("""COMPUTED_VALUE"""),64.0) -> 64 | C70: =IFERROR(__xludf.DUMMYFUNCTION("""COMPUTED_VALUE"""),"Implementa comunicación cliente-servidor mediante protocolos HTTP/HTTPS para desarrollar APIs seguras y eficientes ") -> Implementa comunicación cliente-servidor mediante protocolos HTTP/HTTPS para desarrollar APIs seguras y eficientes | D70: =IFERROR(__xludf.DUMMYFUNCTION("""COMPUTED_VALUE"""),"7. JavaScript Object Notation (JSON)") -> 7. JavaScript Object Notation (JSON) | E70: =IFERROR(__xludf.DUMMYFUNCTION("""COMPUTED_VALUE"""),"Estructura y Manejo de Datos JSON") -> Estructura y Manejo de Datos JSON | F70: =IFERROR(__xludf.DUMMYFUNCTION("""COMPUTED_VALUE"""),"Tipos de datos JSON") -> Tipos de datos JSON | G70: =IFERROR(__xludf.DUMMYFUNCTION("""COMPUTED_VALUE"""),"Octubre") -> Octubre | H70: =IFERROR(__xludf.DUMMYFUNCTION("""COMPUTED_VALUE"""),10.0) -> 10
B71: =IFERROR(__xludf.DUMMYFUNCTION("""COMPUTED_VALUE"""),65.0) -> 65 | C71: =IFERROR(__xludf.DUMMYFUNCTION("""COMPUTED_VALUE"""),"Implementa comunicación cliente-servidor mediante protocolos HTTP/HTTPS para desarrollar APIs seguras y eficientes ") -> Implementa comunicación cliente-servidor mediante protocolos HTTP/HTTPS para desarrollar APIs seguras y eficientes | D71: =IFERROR(__xludf.DUMMYFUNCTION("""COMPUTED_VALUE"""),"7. JavaScript Object Notation (JSON)") -> 7. JavaScript Object Notation (JSON) | E71: =IFERROR(__xludf.DUMMYFUNCTION("""COMPUTED_VALUE"""),"Estructura y Manejo de Datos JSON") -> Estructura y Manejo de Datos JSON | F71: =IFERROR(__xludf.DUMMYFUNCTION("""COMPUTED_VALUE"""),"JSON Parse, Stringify, Objects, Arrays") -> JSON Parse, Stringify, Objects, Arrays | G71: =IFERROR(__xludf.DUMMYFUNCTION("""COMPUTED_VALUE"""),"Octubre") -> Octubre | H71: =IFERROR(__xludf.DUMMYFUNCTION("""COMPUTED_VALUE"""),10.0) -> 10
B72: =IFERROR(__xludf.DUMMYFUNCTION("""COMPUTED_VALUE"""),66.0) -> 66 | C72: =IFERROR(__xludf.DUMMYFUNCTION("""COMPUTED_VALUE"""),"Crea páginas Web Básicas utilizando HTML5 y CSS para estructurar y dar estili a componentes web. ") -> Crea páginas Web Básicas utilizando HTML5 y CSS para estructurar y dar estili a componentes web. | D72: =IFERROR(__xludf.DUMMYFUNCTION("""COMPUTED_VALUE"""),"8. Acceso a datos web") -> 8. Acceso a datos web | E72: =IFERROR(__xludf.DUMMYFUNCTION("""COMPUTED_VALUE"""),"Acceso y Manejo de Datos Web mediante HTTP en Python") -> Acceso y Manejo de Datos Web mediante HTTP en Python | F72: =IFERROR(__xludf.DUMMYFUNCTION("""COMPUTED_VALUE"""),"Internet como origen de datos") -> Internet como origen de datos | G72: =IFERROR(__xludf.DUMMYFUNCTION("""COMPUTED_VALUE"""),"Octubre") -> Octubre | H72: =IFERROR(__xludf.DUMMYFUNCTION("""COMPUTED_VALUE"""),10.0) -> 10
B73: =IFERROR(__xludf.DUMMYFUNCTION("""COMPUTED_VALUE"""),67.0) -> 67 | C73: =IFERROR(__xludf.DUMMYFUNCTION("""COMPUTED_VALUE"""),"Crea páginas Web Básicas utilizando HTML5 y CSS para estructurar y dar estili a componentes web. ") -> Crea páginas Web Básicas utilizando HTML5 y CSS para estructurar y dar estili a componentes web. | D73: =IFERROR(__xludf.DUMMYFUNCTION("""COMPUTED_VALUE"""),"8. Acceso a datos web") -> 8. Acceso a datos web | E73: =IFERROR(__xludf.DUMMYFUNCTION("""COMPUTED_VALUE"""),"Acceso y Manejo de Datos Web mediante HTTP en Python") -> Acceso y Manejo de Datos Web mediante HTTP en Python | F73: =IFERROR(__xludf.DUMMYFUNCTION("""COMPUTED_VALUE"""),"Protocolo HTTP y Códigos de error") -> Protocolo HTTP y Códigos de error | G73: =IFERROR(__xludf.DUMMYFUNCTION("""COMPUTED_VALUE"""),"Octubre") -> Octubre | H73: =IFERROR(__xludf.DUMMYFUNCTION("""COMPUTED_VALUE"""),10.0) -> 10
B74: =IFERROR(__xludf.DUMMYFUNCTION("""COMPUTED_VALUE"""),68.0) -> 68 | C74: =IFERROR(__xludf.DUMMYFUNCTION("""COMPUTED_VALUE"""),"Crea páginas Web Básicas utilizando HTML5 y CSS para estructurar y dar estili a componentes web. ") -> Crea páginas Web Básicas utilizando HTML5 y CSS para estructurar y dar estili a componentes web. | D74: =IFERROR(__xludf.DUMMYFUNCTION("""COMPUTED_VALUE"""),"8. Acceso a datos web") -> 8. Acceso a datos web | E74: =IFERROR(__xludf.DUMMYFUNCTION("""COMPUTED_VALUE"""),"Acceso y Manejo de Datos Web mediante HTTP en Python") -> Acceso y Manejo de Datos Web mediante HTTP en Python | F74: =IFERROR(__xludf.DUMMYFUNCTION("""COMPUTED_VALUE"""),"Peticiones HTTP en Python y librería en Python para realizar peticiones HTTP") -> Peticiones HTTP en Python y librería en Python para realizar peticiones HTTP | G74: =IFERROR(__xludf.DUMMYFUNCTION("""COMPUTED_VALUE"""),"Octubre") -> Octubre | H74: =IFERROR(__xludf.DUMMYFUNCTION("""COMPUTED_VALUE"""),10.0) -> 10
B75: =IFERROR(__xludf.DUMMYFUNCTION("""COMPUTED_VALUE"""),69.0) -> 69 | C75: =IFERROR(__xludf.DUMMYFUNCTION("""COMPUTED_VALUE"""),"Crea páginas Web Básicas utilizando HTML5 y CSS para estructurar y dar estili a componentes web. ") -> Crea páginas Web Básicas utilizando HTML5 y CSS para estructurar y dar estili a componentes web. | D75: =IFERROR(__xludf.DUMMYFUNCTION("""COMPUTED_VALUE"""),"8. Acceso a datos web") -> 8. Acceso a datos web | E75: =IFERROR(__xludf.DUMMYFUNCTION("""COMPUTED_VALUE"""),"Acceso y Manejo de Datos Web mediante HTTP en Python") -> Acceso y Manejo de Datos Web mediante HTTP en Python | F75: =IFERROR(__xludf.DUMMYFUNCTION("""COMPUTED_VALUE"""),"Lectura de archivos binarios mediante peticiones HTTP y Análisis de XML en Peticiones") -> Lectura de archivos binarios mediante peticiones HTTP y Análisis de XML en Peticiones | G75: =IFERROR(__xludf.DUMMYFUNCTION("""COMPUTED_VALUE"""),"Octubre") -> Octubre | H75: =IFERROR(__xludf.DUMMYFUNCTION("""COMPUTED_VALUE"""),10.0) -> 10
B76: =IFERROR(__xludf.DUMMYFUNCTION("""COMPUTED_VALUE"""),70.0) -> 70 | C76: =IFERROR(__xludf.DUMMYFUNCTION("""COMPUTED_VALUE"""),"Implementa comunicación cliente-servidor mediante protocolos HTTP/HTTPS para desarrollar APIs seguras y eficientes ") -> Implementa comunicación cliente-servidor mediante protocolos HTTP/HTTPS para desarrollar APIs seguras y eficientes | D76: =IFERROR(__xludf.DUMMYFUNCTION("""COMPUTED_VALUE"""),"8. Acceso a datos web") -> 8. Acceso a datos web | E76: =IFERROR(__xludf.DUMMYFUNCTION("""COMPUTED_VALUE"""),"Interacción y Seguridad en APIs y Datos Web") -> Interacción y Seguridad en APIs y Datos Web | F76: =IFERROR(__xludf.DUMMYFUNCTION("""COMPUTED_VALUE"""),"Desplazamiento a través de los nodos") -> Desplazamiento a través de los nodos | G76: =IFERROR(__xludf.DUMMYFUNCTION("""COMPUTED_VALUE"""),"Noviembre") -> Noviembre | H76: =IFERROR(__xludf.DUMMYFUNCTION("""COMPUTED_VALUE"""),11.0) -> 11
B77: =IFERROR(__xludf.DUMMYFUNCTION("""COMPUTED_VALUE"""),71.0) -> 71 | C77: =IFERROR(__xludf.DUMMYFUNCTION("""COMPUTED_VALUE"""),"Implementa comunicación cliente-servidor mediante protocolos HTTP/HTTPS para desarrollar APIs seguras y eficientes ") -> Implementa comunicación cliente-servidor mediante protocolos HTTP/HTTPS para desarrollar APIs seguras y eficientes | D77: =IFERROR(__xludf.DUMMYFUNCTION("""COMPUTED_VALUE"""),"8. Acceso a datos web") -> 8. Acceso a datos web | E77: =IFERROR(__xludf.DUMMYFUNCTION("""COMPUTED_VALUE"""),"Interacción y Seguridad en APIs y Datos Web") -> Interacción y Seguridad en APIs y Datos Web | F77: =IFERROR(__xludf.DUMMYFUNCTION("""COMPUTED_VALUE"""),"Análisis JSON en Peticiones") -> Análisis JSON en Peticiones | G77: =IFERROR(__xludf.DUMMYFUNCTION("""COMPUTED_VALUE"""),"Noviembre") -> Noviembre | H77: =IFERROR(__xludf.DUMMYFUNCTION("""COMPUTED_VALUE"""),11.0) -> 11
B78: =IFERROR(__xludf.DUMMYFUNCTION("""COMPUTED_VALUE"""),72.0) -> 72 | C78: =IFERROR(__xludf.DUMMYFUNCTION("""COMPUTED_VALUE"""),"Implementa comunicación cliente-servidor mediante protocolos HTTP/HTTPS para desarrollar APIs seguras y eficientes ") -> Implementa comunicación cliente-servidor mediante protocolos HTTP/HTTPS para desarrollar APIs seguras y eficientes | D78: =IFERROR(__xludf.DUMMYFUNCTION("""COMPUTED_VALUE"""),"8. Acceso a datos web") -> 8. Acceso a datos web | E78: =IFERROR(__xludf.DUMMYFUNCTION("""COMPUTED_VALUE"""),"Interacción y Seguridad en APIs y Datos Web") -> Interacción y Seguridad en APIs y Datos Web | F78: =IFERROR(__xludf.DUMMYFUNCTION("""COMPUTED_VALUE"""),"Interfaces de programación de aplicaciones") -> Interfaces de programación de aplicaciones | G78: =IFERROR(__xludf.DUMMYFUNCTION("""COMPUTED_VALUE"""),"Noviembre") -> Noviembre | H78: =IFERROR(__xludf.DUMMYFUNCTION("""COMPUTED_VALUE"""),11.0) -> 11
B79: =IFERROR(__xludf.DUMMYFUNCTION("""COMPUTED_VALUE"""),73.0) -> 73 | C79: =IFERROR(__xludf.DUMMYFUNCTION("""COMPUTED_VALUE"""),"Implementa comunicación cliente-servidor mediante protocolos HTTP/HTTPS para desarrollar APIs seguras y eficientes ") -> Implementa comunicación cliente-servidor mediante protocolos HTTP/HTTPS para desarrollar APIs seguras y eficientes | D79: =IFERROR(__xludf.DUMMYFUNCTION("""COMPUTED_VALUE"""),"8. Acceso a datos web") -> 8. Acceso a datos web | E79: =IFERROR(__xludf.DUMMYFUNCTION("""COMPUTED_VALUE"""),"Interacción y Seguridad en APIs y Datos Web") -> Interacción y Seguridad en APIs y Datos Web | F79: =IFERROR(__xludf.DUMMYFUNCTION("""COMPUTED_VALUE"""),"API") -> API | G79: =IFERROR(__xludf.DUMMYFUNCTION("""COMPUTED_VALUE"""),"Noviembre") -> Noviembre | H79: =IFERROR(__xludf.DUMMYFUNCTION("""COMPUTED_VALUE"""),11.0) -> 11
B80: =IFERROR(__xludf.DUMMYFUNCTION("""COMPUTED_VALUE"""),74.0) -> 74 | C80: =IFERROR(__xludf.DUMMYFUNCTION("""COMPUTED_VALUE"""),"Implementa comunicación cliente-servidor mediante protocolos HTTP/HTTPS para desarrollar APIs seguras y eficientes ") -> Implementa comunicación cliente-servidor mediante protocolos HTTP/HTTPS para desarrollar APIs seguras y eficientes | D80: =IFERROR(__xludf.DUMMYFUNCTION("""COMPUTED_VALUE"""),"8. Acceso a datos web") -> 8. Acceso a datos web | E80: =IFERROR(__xludf.DUMMYFUNCTION("""COMPUTED_VALUE"""),"Interacción y Seguridad en APIs y Datos Web") -> Interacción y Seguridad en APIs y Datos Web | F80: =IFERROR(__xludf.DUMMYFUNCTION("""COMPUTED_VALUE"""),"Seguridad y uso de API’s") -> Seguridad y uso de API’s | G80: =IFERROR(__xludf.DUMMYFUNCTION("""COMPUTED_VALUE"""),"Noviembre") -> Noviembre | H80: =IFERROR(__xludf.DUMMYFUNCTION("""COMPUTED_VALUE"""),11.0) -> 11
B81: =IFERROR(__xludf.DUMMYFUNCTION("""COMPUTED_VALUE"""),75.0) -> 75 | C81: =IFERROR(__xludf.DUMMYFUNCTION("""COMPUTED_VALUE"""),"Implementa comunicación cliente-servidor mediante protocolos HTTP/HTTPS para desarrollar APIs seguras y eficientes ") -> Implementa comunicación cliente-servidor mediante protocolos HTTP/HTTPS para desarrollar APIs seguras y eficientes | D81: =IFERROR(__xludf.DUMMYFUNCTION("""COMPUTED_VALUE"""),"8. Acceso a datos web") -> 8. Acceso a datos web | E81: =IFERROR(__xludf.DUMMYFUNCTION("""COMPUTED_VALUE"""),"Interacción y Seguridad en APIs y Datos Web") -> Interacción y Seguridad en APIs y Datos Web | F81: =IFERROR(__xludf.DUMMYFUNCTION("""COMPUTED_VALUE"""),"Autenticación y autorización en API's") -> Autenticación y autorización en API's | G81: =IFERROR(__xludf.DUMMYFUNCTION("""COMPUTED_VALUE"""),"Noviembre") -> Noviembre | H81: =IFERROR(__xludf.DUMMYFUNCTION("""COMPUTED_VALUE"""),11.0) -> 11
B82: =IFERROR(__xludf.DUMMYFUNCTION("""COMPUTED_VALUE"""),76.0) -> 76 | C82: =IFERROR(__xludf.DUMMYFUNCTION("""COMPUTED_VALUE"""),"Implementa comunicación cliente-servidor mediante protocolos HTTP/HTTPS para desarrollar APIs seguras y eficientes ") -> Implementa comunicación cliente-servidor mediante protocolos HTTP/HTTPS para desarrollar APIs seguras y eficientes | D82: =IFERROR(__xludf.DUMMYFUNCTION("""COMPUTED_VALUE"""),"8. Acceso a datos web") -> 8. Acceso a datos web | E82: =IFERROR(__xludf.DUMMYFUNCTION("""COMPUTED_VALUE"""),"Interacción y Seguridad en APIs y Datos Web") -> Interacción y Seguridad en APIs y Datos Web | F82: =IFERROR(__xludf.DUMMYFUNCTION("""COMPUTED_VALUE"""),"Manejo de respuestas asíncronas y promesas") -> Manejo de respuestas asíncronas y promesas | G82: =IFERROR(__xludf.DUMMYFUNCTION("""COMPUTED_VALUE"""),"Noviembre") -> Noviembre | H82: =IFERROR(__xludf.DUMMYFUNCTION("""COMPUTED_VALUE"""),11.0) -> 11

Sheet TCO_Lab_Previo
B1: Que se impartio el en Curso Previo el Segundo Semestre 2025
B3: Nombre del Curso | C3: Área Matemática Básica 2
B4: Codigo del Curso | C4: {=IFERROR(_xlfn.XLOOKUP(TRIM(C3), Competencias_actuales!D15:D1000, Competencias_actuales!C15:C1000), "Código no encontrado")} -> 103 | H4: =C4&" - "&C3 -> 103 - Área Matemática Básica 2
B6: No | C6: Competencia | D6: Unidad | E6: Tema | F6: Subtema | G6: Mes | H6: Semana
B7: =IFERROR(__xludf.DUMMYFUNCTION("QUERY(IMPORTRANGE(VLOOKUP(H4,METADA!A:B,2,FALSE), ""Diseño Curricular!A4:G500""), )"),"#N/A") -> #N/A

Sheet Competencias_1re_Sem_2026
B1: Competencias que se formaran en el Primer Semestre 2026
B3: Competencias relacionadas al perfil del egresado (Especifica) | I3: Competencias relacionadas al perfil del egresado (General)
B4: 1 | C4: Demuestra pensamiento crítico, actitud investigativa y rigor analítico en el planteamiento y la resolución de problemas complejos. | I4: 1 | J4: Aplica principios básicos de ingeniería, ciencias de computación y sistemas de información y comunicación, en la formulación y resolución adecuada de problemas complejos.
B5: 2 | C5: Demuestra destreza y habilidad en la selección, uso y adaptación de herramientas metodológicas, tecnológicas, equipos especializados y en la lectura e interpretación de datos, pertinentes al contexto de su ejercicio profesional. | I5: 2 | J5: Actualiza permanente sus conocimientos relacionados con TIC en general, apoyándose en las estrategias de aprendizaje apropiadas.
B6: 3 | C6: Aplica los conocimientos de su disciplina en la elaboración, fundamentación y defensa de argumentos para prevenir y resolver problemas complejos en su campo profesional, identificando y aplicando innovaciones. | I6: 3 | J6: Construye soluciones integrales trabajando en forma colaborativa y propositiva en equipos interdisciplinarios, en forma presencial o utilizando plataformas virtuales.
B9: No | C9: Tipo | D9: Verbo en Presente | E9: Objeto de la acción | G9: [Palabras conectoreas] Herramientas o metodología | H9: [Palabras conectoreas] Condiciones específicas | J9: Nivel
B10: 1 | C10: Especifica | D10: Reconoce | E10: los distintos tipos de bloqueos mentales | G10: mediante la identificación de ejemplos | H10: en experiencias cotidianas que dificultan la resolución de problemas | J10: Reconocer
C11: =D10 & " " & E10 & " " &G10& " " &H10& " " -> Reconoce los distintos tipos de bloqueos mentales mediante la identificación de ejemplos en experiencias cotidianas que dificultan la resolución de problemas
B12: 2 | C12: Especifica | D12: Comprende | E12: las diferencias entre lógica formal, matemática y sistémica | G12: a través del análisis comparativo | H12: en ejercicios y situaciones académicas | J12: Comprender
C13: =D12 & " " & E12 & " " &G12& " " &H12& " " -> Comprende las diferencias entre lógica formal, matemática y sistémica a través del análisis comparativo en ejercicios y situaciones académicas
B14: 3 | C14: Especifica | D14: Aplica | E14: la construcción de árboles lógicos y tríadas conceptuales | G14: para representar gráficamente | H14: las estructuras de pensamiento trabajadas en el curso | J14: Aplicar
C15: =D14 & " " & E14 & " " &G14& " " &H14& " " -> Aplica la construcción de árboles lógicos y tríadas conceptuales para representar gráficamente las estructuras de pensamiento trabajadas en el curso
B16: 4 | C16: Especifica | D16: Analiza | E16: proposiciones y razonamientos en el lenguaje | G16: identificando premisas, conclusiones y sus relaciones lógicas | H16: dentro de textos y enunciados | J16: Analizar
C17: =D16 & " " & E16 & " " &G16& " " &H16& " " -> Analiza proposiciones y razonamientos en el lenguaje identificando premisas, conclusiones y sus relaciones lógicas dentro de textos y enunciados
B18: 5 | C18: Especifica | D18: Evalúa | E18: la validez de razonamientos y falacias | G18: empleando discusiones guiadas y la resolución de dilemas | H18: en contextos académicos del curso | J18: Evaluar
C19: =D18 & " " & E18 & " " &G18& " " &H18& " " -> Evalúa la validez de razonamientos y falacias empleando discusiones guiadas y la resolución de dilemas en contextos académicos del curso
B20: 6 | C20: Especifica | D20: Integra | E20: modelos mentales y paradigmas | G20: en el análisis de ejemplos prácticos | H20: para reflexionar sobre su impacto en la toma de decisiones | J20: Crear
C21: =D20 & " " & E20 & " " &G20& " " &H20& " " -> Integra modelos mentales y paradigmas en el análisis de ejemplos prácticos para reflexionar sobre su impacto en la toma de decisiones
B22: 7 | C22: Especifica | D22: Diseña | E22: representaciones lógicas innovadoras | G22: combinando conceptos, proposiciones y razonamientos | H22: que fortalezcan el pensamiento crítico y el razonamiento válido | J22: Crear
C23: =D22 & " " & E22 & " " &G22& " " &H22& " " -> Diseña representaciones lógicas innovadoras combinando conceptos, proposiciones y razonamientos que fortalezcan el pensamiento crítico y el razonamiento válido

Sheet METADA
A1: =IFERROR(__xludf.DUMMYFUNCTION("IMPORTRANGE(""1--DGkU5oDw3gpAa_rQkeu1olWCf2iv8Pm7BNjqiyiuY"",""Listado Cursos!H:J"")"),"Codigo - Nombre") -> Codigo - Nombre | B1: =IFERROR(__xludf.DUMMYFUNCTION("""COMPUTED_VALUE"""),"Diseño Curricular") -> Diseño Curricular | C1: =IFERROR(__xludf.DUMMYFUNCTION("""COMPUTED_VALUE"""),"Analisis de contexto") -> Analisis de contexto | D1: =IFERROR(__xludf.DUMMYFUNCTION("IMPORTRANGE(VLOOKUP(Competencias_actuales!F4,A:C,3,FALSE),""Competencias!B21:J35"")"),"No") -> No | E1: =IFERROR(__xludf.DUMMYFUNCTION("""COMPUTED_VALUE"""),"Tipo") -> Tipo | F1: =IFERROR(__xludf.DUMMYFUNCTION("""COMPUTED_VALUE"""),"Verbo en Presente") -> Verbo en Presente | G1: =IFERROR(__xludf.DUMMYFUNCTION("""COMPUTED_VALUE"""),"Objeto de la acción") -> Objeto de la acción | I1: =IFERROR(__xludf.DUMMYFUNCTION("""COMPUTED_VALUE"""),"[Palabras conectoreas] Herramientas o metodología") -> [Palabras conectoreas] Herramientas o metodología | J1: =IFERROR(__xludf.DUMMYFUNCTION("""COMPUTED_VALUE"""),"[Palabras conectoreas] Condiciones específicas") -> [Palabras conectoreas] Condiciones específicas | L1: =IFERROR(__xludf.DUMMYFUNCTION("""COMPUTED_VALUE"""),"Nivel") -> Nivel | V1: =IFERROR(__xludf.DUMMYFUNCTION("QUERY(IMPORTRANGE(""1--DGkU5oDw3gpAa_rQkeu1olWCf2iv8Pm7BNjqiyiuY"", ""Perfil egresado!A:C""), ""SELECT Col2, Col3 WHERE Col1 = 'Competencia General' ORDER BY Col2"")"),"No.") -> No. | W1: =IFERROR(__xludf.DUMMYFUNCTION("""COMPUTED_VALUE"""),"Descripcion") -> Descripcion | Y1: =IFERROR(__xludf.DUMMYFUNCTION("QUERY(IMPORTRANGE(""1--DGkU5oDw3gpAa_rQkeu1olWCf2iv8Pm7BNjqiyiuY"", ""Perfil egresado!A:C""), ""SELECT Col2, Col3 WHERE Col1 = 'Competencias Específica' ORDER BY Col2"")"),"No.") -> No. | Z1: =IFERROR(__xludf.DUMMYFUNCTION("""COMPUTED_VALUE"""),"Descripcion") -> Descripcion
A2: =IFERROR(__xludf.DUMMYFUNCTION("""COMPUTED_VALUE"""),"17 - Área Social Humanística 1") -> 17 - Área Social Humanística 1 | D2: =IFERROR(__xludf.DUMMYFUNCTION("""COMPUTED_VALUE"""),1.0) -> 1 | E2: =IFERROR(__xludf.DUMMYFUNCTION("""COMPUTED_VALUE"""),"Especifica") -> Especifica | F2: =IFERROR(__xludf.DUMMYFUNCTION("""COMPUTED_VALUE"""),"Identifica") -> Identifica | G2: =IFERROR(__xludf.DUMMYFUNCTION("""COMPUTED_VALUE"""),"los tipos de bloqueos mentales") -> los tipos de bloqueos mentales | I2: =IFERROR(__xludf.DUMMYFUNCTION("""COMPUTED_VALUE"""),"mediante el análisis de casos y experiencias personales") -> mediante el análisis de casos y experiencias personales | J2: =IFERROR(__xludf.DUMMYFUNCTION("""COMPUTED_VALUE"""),"en situaciones que dificultan la resolución de problemas") -> en situaciones que dificultan la resolución de problemas | L2: =IFERROR(__xludf.DUMMYFUNCTION("""COMPUTED_VALUE"""),"Recordar") -> Recordar | V2: =IFERROR(__xludf.DUMMYFUNCTION("""COMPUTED_VALUE"""),1.0) -> 1 | W2: =IFERROR(__xludf.DUMMYFUNCTION("""COMPUTED_VALUE"""),"Aplica los conocimientos de su disciplina en la elaboración, fundamentación y defensa de argumentos para prevenir y resolver problemas complejos en su campo profesional, identificando y aplicando innovaciones.") -> Aplica los conocimientos de su disciplina en la elaboración, fundamentación y defensa de argumentos para prevenir y resolver problemas complejos en su campo profesional, identificando y aplicando innovaciones. | Y2: =IFERROR(__xludf.DUMMYFUNCTION("""COMPUTED_VALUE"""),1.0) -> 1 | Z2: =IFERROR(__xludf.DUMMYFUNCTION("""COMPUTED_VALUE"""),"Aplica principios básicos de ingeniería, ciencias de computación y sistemas de información y comunicación, en la formulación y resolución adecuada de problemas complejos.") -> Aplica principios básicos de ingeniería, ciencias de computación y sistemas de información y comunicación, en la formulación y resolución adecuada de problemas complejos.
A3: =IFERROR(__xludf.DUMMYFUNCTION("""COMPUTED_VALUE"""),"101 - Área Matemática Básica 1") -> 101 - Área Matemática Básica 1 | E3: =IFERROR(__xludf.DUMMYFUNCTION("""COMPUTED_VALUE"""),"Identifica los tipos de bloqueos mentales mediante el análisis de casos y experiencias personales en situaciones que dificultan la resolución de problemas ") -> Identifica los tipos de bloqueos mentales mediante el análisis de casos y experiencias personales en situaciones que dificultan la resolución de problemas | V3: =IFERROR(__xludf.DUMMYFUNCTION("""COMPUTED_VALUE"""),2.0) -> 2 | W3: =IFERROR(__xludf.DUMMYFUNCTION("""COMPUTED_VALUE"""),"Identifica oportunidades y riesgos para la innovación y adaptación de conocimientos y tecnologías para resolver problemas.") -> Identifica oportunidades y riesgos para la innovación y adaptación de conocimientos y tecnologías para resolver problemas. | Y3: =IFERROR(__xludf.DUMMYFUNCTION("""COMPUTED_VALUE"""),2.0) -> 2 | Z3: =IFERROR(__xludf.DUMMYFUNCTION("""COMPUTED_VALUE"""),"Aplica estándares de calidad, eficiencia y seguridad en la implementación adecuada de soluciones de software, hardware y TIC en general.") -> Aplica estándares de calidad, eficiencia y seguridad en la implementación adecuada de soluciones de software, hardware y TIC en general.
A4: =IFERROR(__xludf.DUMMYFUNCTION("""COMPUTED_VALUE"""),"5 - Técnicas de Estudio e Investigación") -> 5 - Técnicas de Estudio e Investigación | D4: =IFERROR(__xludf.DUMMYFUNCTION("""COMPUTED_VALUE"""),2.0) -> 2 | E4: =IFERROR(__xludf.DUMMYFUNCTION("""COMPUTED_VALUE"""),"Especifica") -> Especifica | F4: =IFERROR(__xludf.DUMMYFUNCTION("""COMPUTED_VALUE"""),"Define") -> Define | G4: =IFERROR(__xludf.DUMMYFUNCTION("""COMPUTED_VALUE"""),"las diferencias entre lógica formal, matemática y sistémica") -> las diferencias entre lógica formal, matemática y sistémica | I4: =IFERROR(__xludf.DUMMYFUNCTION("""COMPUTED_VALUE"""),"con base en ejemplos prácticos y ejercicios comparativos") -> con base en ejemplos prácticos y ejercicios comparativos | J4: =IFERROR(__xludf.DUMMYFUNCTION("""COMPUTED_VALUE"""),"dentro de contextos académicos del curso ") -> dentro de contextos académicos del curso | L4: =IFERROR(__xludf.DUMMYFUNCTION("""COMPUTED_VALUE"""),"Comprensión") -> Comprensión | V4: =IFERROR(__xludf.DUMMYFUNCTION("""COMPUTED_VALUE"""),3.0) -> 3 | W4: =IFERROR(__xludf.DUMMYFUNCTION("""COMPUTED_VALUE"""),"Demuestra pensamiento crítico, actitud investigativa y rigor analítico en el planteamiento y la resolución de problemas complejos.") -> Demuestra pensamiento crítico, actitud investigativa y rigor analítico en el planteamiento y la resolución de problemas complejos. | Y4: =IFERROR(__xludf.DUMMYFUNCTION("""COMPUTED_VALUE"""),3.0) -> 3 | Z4: =IFERROR(__xludf.DUMMYFUNCTION("""COMPUTED_VALUE"""),"Aplica conocimientos tecnológicos con ética profesional y respetando y cuidando los recursos naturales, humanos y financieros.") -> Aplica conocimientos tecnológicos con ética profesional y respetando y cuidando los recursos naturales, humanos y financieros.
A5: =IFERROR(__xludf.DUMMYFUNCTION("""COMPUTED_VALUE"""),"39 - Deportes 1") -> 39 - Deportes 1 | E5: =IFERROR(__xludf.DUMMYFUNCTION("""COMPUTED_VALUE"""),"Define las diferencias entre lógica formal, matemática y sistémica con base en ejemplos prácticos y ejercicios comparativos dentro de contextos académicos del curso ") -> Define las diferencias entre lógica formal, matemática y sistémica con base en ejemplos prácticos y ejercicios comparativos dentro de contextos académicos del curso | V5: =IFERROR(__xludf.DUMMYFUNCTION("""COMPUTED_VALUE"""),4.0) -> 4 | W5: =IFERROR(__xludf.DUMMYFUNCTION("""COMPUTED_VALUE"""),"Toma decisiones profesionales con base en fundamentos teóricos, datos e información pertinente, válida y confiable.") -> Toma decisiones profesionales con base en fundamentos teóricos, datos e información pertinente, válida y confiable. | Y5: =IFERROR(__xludf.DUMMYFUNCTION("""COMPUTED_VALUE"""),4.0) -> 4 | Z5: =IFERROR(__xludf.DUMMYFUNCTION("""COMPUTED_VALUE"""),"Maneja e Interpreta adecuadamente datos masivos, sean estos estructurados o no estructurados, facilitando su visualización e interpretación de forma eficaz en apoyo a la toma de decisiones.") -> Maneja e Interpreta adecuadamente datos masivos, sean estos estructurados o no estructurados, facilitando su visualización e interpretación de forma eficaz en apoyo a la toma de decisiones.
A6: =IFERROR(__xludf.DUMMYFUNCTION("""COMPUTED_VALUE"""),"6 - Idioma Tecnico 1") -> 6 - Idioma Tecnico 1 | D6: =IFERROR(__xludf.DUMMYFUNCTION("""COMPUTED_VALUE"""),3.0) -> 3 | E6: =IFERROR(__xludf.DUMMYFUNCTION("""COMPUTED_VALUE"""),"Especifica") -> Especifica | F6: =IFERROR(__xludf.DUMMYFUNCTION("""COMPUTED_VALUE"""),"Construye") -> Construye | G6: =IFERROR(__xludf.DUMMYFUNCTION("""COMPUTED_VALUE"""),"árboles lógicos y tríadas de conceptos") -> árboles lógicos y tríadas de conceptos | I6: =IFERROR(__xludf.DUMMYFUNCTION("""COMPUTED_VALUE"""),"utilizando los contenidos desarrollados durante el curso") -> utilizando los contenidos desarrollados durante el curso | J6: =IFERROR(__xludf.DUMMYFUNCTION("""COMPUTED_VALUE"""),"para representar estructuras lógicas de pensamiento") -> para representar estructuras lógicas de pensamiento | L6: =IFERROR(__xludf.DUMMYFUNCTION("""COMPUTED_VALUE"""),"Crear") -> Crear | V6: =IFERROR(__xludf.DUMMYFUNCTION("""COMPUTED_VALUE"""),5.0) -> 5 | W6: =IFERROR(__xludf.DUMMYFUNCTION("""COMPUTED_VALUE"""),"Demuestra destreza y habilidad en la selección, uso y adaptación de herramientas metodológicas, tecnológicas, equipos especializados y en la lectura e interpretación de datos, pertinentes al contexto de su ejercicio profesional.") -> Demuestra destreza y habilidad en la selección, uso y adaptación de herramientas metodológicas, tecnológicas, equipos especializados y en la lectura e interpretación de datos, pertinentes al contexto de su ejercicio profesional. | Y6: =IFERROR(__xludf.DUMMYFUNCTION("""COMPUTED_VALUE"""),5.0) -> 5 | Z6: =IFERROR(__xludf.DUMMYFUNCTION("""COMPUTED_VALUE"""),"Domina diversos recursos de comunicación con el objetivo de presentar adecuadamente sus propuestas a variados tipos de audiencias, en idioma español, inglés e idealmente en un tercer idioma acorde a las necesidades globales.") -> Domina diversos recursos de comunicación con el objetivo de presentar adecuadamente sus propuestas a variados tipos de audiencias, en idioma español, inglés e idealmente en un tercer idioma acorde a las necesidades globales.
A7: =IFERROR(__xludf.DUMMYFUNCTION("""COMPUTED_VALUE"""),"19 - Área Social Humanística 2") -> 19 - Área Social Humanística 2 | E7: =IFERROR(__xludf.DUMMYFUNCTION("""COMPUTED_VALUE"""),"Construye árboles lógicos y tríadas de conceptos utilizando los contenidos desarrollados durante el curso para representar estructuras lógicas de pensamiento ") -> Construye árboles lógicos y tríadas de conceptos utilizando los contenidos desarrollados durante el curso para representar estructuras lógicas de pensamiento | V7: =IFERROR(__xludf.DUMMYFUNCTION("""COMPUTED_VALUE"""),6.0) -> 6 | W7: =IFERROR(__xludf.DUMMYFUNCTION("""COMPUTED_VALUE"""),"Identifica sus necesidades de actualización, capacitación y formación, durante su proceso formativo y en el ejercicio profesional, y busca los medios para cubrirlas por medios formales e informales, nacionales e internacionales, presenciales y en línea"&".") -> Identifica sus necesidades de actualización, capacitación y formación, durante su proceso formativo y en el ejercicio profesional, y busca los medios para cubrirlas por medios formales e informales, nacionales e internacionales, presenciales y en línea. | Y7: =IFERROR(__xludf.DUMMYFUNCTION("""COMPUTED_VALUE"""),6.0) -> 6 | Z7: =IFERROR(__xludf.DUMMYFUNCTION("""COMPUTED_VALUE"""),"Construye soluciones integrales trabajando en forma colaborativa y propositiva en equipos interdisciplinarios, en forma presencial o utilizando plataformas virtuales.") -> Construye soluciones integrales trabajando en forma colaborativa y propositiva en equipos interdisciplinarios, en forma presencial o utilizando plataformas virtuales.
A8: =IFERROR(__xludf.DUMMYFUNCTION("""COMPUTED_VALUE"""),"103 - Área Matemática Básica 2") -> 103 - Área Matemática Básica 2 | D8: =IFERROR(__xludf.DUMMYFUNCTION("""COMPUTED_VALUE"""),4.0) -> 4 | E8: =IFERROR(__xludf.DUMMYFUNCTION("""COMPUTED_VALUE"""),"Especifica") -> Especifica | F8: =IFERROR(__xludf.DUMMYFUNCTION("""COMPUTED_VALUE"""),"Reconoce") -> Reconoce | G8: =IFERROR(__xludf.DUMMYFUNCTION("""COMPUTED_VALUE"""),"proposiciones y razonamientos en el lenguaje") -> proposiciones y razonamientos en el lenguaje | I8: =IFERROR(__xludf.DUMMYFUNCTION("""COMPUTED_VALUE"""),"por medio del análisis de textos y enunciados") -> por medio del análisis de textos y enunciados | J8: =IFERROR(__xludf.DUMMYFUNCTION("""COMPUTED_VALUE"""),"para distinguir los componentes lógicos del lenguaje") -> para distinguir los componentes lógicos del lenguaje | L8: =IFERROR(__xludf.DUMMYFUNCTION("""COMPUTED_VALUE"""),"Recordar") -> Recordar | V8: =IFERROR(__xludf.DUMMYFUNCTION("""COMPUTED_VALUE"""),7.0) -> 7 | W8: =IFERROR(__xludf.DUMMYFUNCTION("""COMPUTED_VALUE"""),"Comunica a diversos públicos, información de su campo profesional, en varios lenguajes y formatos de manera asertiva, clara, rigurosa y precisa, con el uso apropiado de recursos tecnológicos.") -> Comunica a diversos públicos, información de su campo profesional, en varios lenguajes y formatos de manera asertiva, clara, rigurosa y precisa, con el uso apropiado de recursos tecnológicos. | Y8: =IFERROR(__xludf.DUMMYFUNCTION("""COMPUTED_VALUE"""),7.0) -> 7 | Z8: =IFERROR(__xludf.DUMMYFUNCTION("""COMPUTED_VALUE"""),"Actualiza permanente sus conocimientos relacionados con TIC en general, apoyándose en las estrategias de aprendizaje apropiadas.") -> Actualiza permanente sus conocimientos relacionados con TIC en general, apoyándose en las estrategias de aprendizaje apropiadas.
A9: =IFERROR(__xludf.DUMMYFUNCTION("""COMPUTED_VALUE"""),"960 - Matemática Para Computación 1") -> 960 - Matemática Para Computación 1 | E9: =IFERROR(__xludf.DUMMYFUNCTION("""COMPUTED_VALUE"""),"Reconoce proposiciones y razonamientos en el lenguaje por medio del análisis de textos y enunciados para distinguir los componentes lógicos del lenguaje ") -> Reconoce proposiciones y razonamientos en el lenguaje por medio del análisis de textos y enunciados para distinguir los componentes lógicos del lenguaje | V9: =IFERROR(__xludf.DUMMYFUNCTION("""COMPUTED_VALUE"""),8.0) -> 8 | W9: =IFERROR(__xludf.DUMMYFUNCTION("""COMPUTED_VALUE"""),"Se comunica correctamente en su lengua oficial y utiliza una lengua extranjera con el dominio requerido para el ejercicio de su profesión.") -> Se comunica correctamente en su lengua oficial y utiliza una lengua extranjera con el dominio requerido para el ejercicio de su profesión.
A10: =IFERROR(__xludf.DUMMYFUNCTION("""COMPUTED_VALUE"""),"147 - Física Básica") -> 147 - Física Básica | D10: =IFERROR(__xludf.DUMMYFUNCTION("""COMPUTED_VALUE"""),5.0) -> 5 | E10: =IFERROR(__xludf.DUMMYFUNCTION("""COMPUTED_VALUE"""),"Especifica") -> Especifica | F10: =IFERROR(__xludf.DUMMYFUNCTION("""COMPUTED_VALUE"""),"Evalua") -> Evalua | G10: =IFERROR(__xludf.DUMMYFUNCTION("""COMPUTED_VALUE"""),"razonamientos y falacias") -> razonamientos y falacias | I10: =IFERROR(__xludf.DUMMYFUNCTION("""COMPUTED_VALUE"""),"utilizando ejercicios escritos y discusiones dirigidas") -> utilizando ejercicios escritos y discusiones dirigidas | J10: =IFERROR(__xludf.DUMMYFUNCTION("""COMPUTED_VALUE"""),"en la resolución de dilemas lógicos") -> en la resolución de dilemas lógicos | L10: =IFERROR(__xludf.DUMMYFUNCTION("""COMPUTED_VALUE"""),"Evaluar") -> Evaluar | V10: =IFERROR(__xludf.DUMMYFUNCTION("""COMPUTED_VALUE"""),9.0) -> 9 | W10: =IFERROR(__xludf.DUMMYFUNCTION("""COMPUTED_VALUE"""),"Lidera y colabora proactivamente en equipos de trabajo y en comunidades profesionales para el logro de objetivos y mejoramiento de la calidad de vida.") -> Lidera y colabora proactivamente en equipos de trabajo y en comunidades profesionales para el logro de objetivos y mejoramiento de la calidad de vida.
A11: =IFERROR(__xludf.DUMMYFUNCTION("""COMPUTED_VALUE"""),"40 - Deportes 2") -> 40 - Deportes 2 | E11: =IFERROR(__xludf.DUMMYFUNCTION("""COMPUTED_VALUE"""),"Evalua razonamientos y falacias utilizando ejercicios escritos y discusiones dirigidas en la resolución de dilemas lógicos ") -> Evalua razonamientos y falacias utilizando ejercicios escritos y discusiones dirigidas en la resolución de dilemas lógicos
A12: =IFERROR(__xludf.DUMMYFUNCTION("""COMPUTED_VALUE"""),"8 - Idioma Técnico 2") -> 8 - Idioma Técnico 2 | D12: =IFERROR(__xludf.DUMMYFUNCTION("""COMPUTED_VALUE"""),6.0) -> 6 | E12: =IFERROR(__xludf.DUMMYFUNCTION("""COMPUTED_VALUE"""),"General") -> General | F12: =IFERROR(__xludf.DUMMYFUNCTION("""COMPUTED_VALUE"""),"Comprende") -> Comprende | G12: =IFERROR(__xludf.DUMMYFUNCTION("""COMPUTED_VALUE"""),"los modelos mentales y paradigmas") -> los modelos mentales y paradigmas | I12: =IFERROR(__xludf.DUMMYFUNCTION("""COMPUTED_VALUE"""),"mediante el análisis de ejemplos y situaciones cotidianas") -> mediante el análisis de ejemplos y situaciones cotidianas | J12: =IFERROR(__xludf.DUMMYFUNCTION("""COMPUTED_VALUE"""),"en actividades de reflexión y discusión grupal") -> en actividades de reflexión y discusión grupal | L12: =IFERROR(__xludf.DUMMYFUNCTION("""COMPUTED_VALUE"""),"Comprensión") -> Comprensión
A13: =IFERROR(__xludf.DUMMYFUNCTION("""COMPUTED_VALUE"""),"795 - Logica de Sitemas") -> 795 - Logica de Sitemas | B13: =IFERROR(__xludf.DUMMYFUNCTION("""COMPUTED_VALUE"""),"1tGblVNcAY7QU_u00ZUgf5GJjDZOK39vXt9FvZeMfPKg") -> 1tGblVNcAY7QU_u00ZUgf5GJjDZOK39vXt9FvZeMfPKg | C13: =IFERROR(__xludf.DUMMYFUNCTION("""COMPUTED_VALUE"""),"1olpUmnSmvTLYIIWFmjmPX_CYPTPOprpPEwh7xMvm2WM") -> 1olpUmnSmvTLYIIWFmjmPX_CYPTPOprpPEwh7xMvm2WM | E13: =IFERROR(__xludf.DUMMYFUNCTION("""COMPUTED_VALUE"""),"Comprende los modelos mentales y paradigmas mediante el análisis de ejemplos y situaciones cotidianas en actividades de reflexión y discusión grupal ") -> Comprende los modelos mentales y paradigmas mediante el análisis de ejemplos y situaciones cotidianas en actividades de reflexión y discusión grupal
A14: =IFERROR(__xludf.DUMMYFUNCTION("""COMPUTED_VALUE"""),"962 - Matemática Para Computación 2") -> 962 - Matemática Para Computación 2 | D14: =IFERROR(__xludf.DUMMYFUNCTION("""COMPUTED_VALUE"""),7.0) -> 7 | E14: =IFERROR(__xludf.DUMMYFUNCTION("""COMPUTED_VALUE"""),"Especifica") -> Especifica | F14: =IFERROR(__xludf.DUMMYFUNCTION("""COMPUTED_VALUE"""),"Reconoce") -> Reconoce | G14: =IFERROR(__xludf.DUMMYFUNCTION("""COMPUTED_VALUE""")," los principios fundamentales de la lógica ") -> los principios fundamentales de la lógica | I14: =IFERROR(__xludf.DUMMYFUNCTION("""COMPUTED_VALUE"""),"mediante el análisis de enunciados y situaciones cotidianas") -> mediante el análisis de enunciados y situaciones cotidianas | J14: =IFERROR(__xludf.DUMMYFUNCTION("""COMPUTED_VALUE"""),"que permitan desarrollar habilidades de pensamiento crítico y razonamiento válido") -> que permitan desarrollar habilidades de pensamiento crítico y razonamiento válido
A15: =IFERROR(__xludf.DUMMYFUNCTION("""COMPUTED_VALUE"""),"770 - Introducción a ala programación y computación 1") -> 770 - Introducción a ala programación y computación 1 | B15: =IFERROR(__xludf.DUMMYFUNCTION("""COMPUTED_VALUE"""),"1hnCz3e7R539DMJA_6KBromYXyQWjR5cbX4eUFYyZB78") -> 1hnCz3e7R539DMJA_6KBromYXyQWjR5cbX4eUFYyZB78 | C15: =IFERROR(__xludf.DUMMYFUNCTION("""COMPUTED_VALUE"""),"13K0AQ2QyRJmkDL_B9YKTYVy3OKQyLCIBTe0sAqstrFI") -> 13K0AQ2QyRJmkDL_B9YKTYVy3OKQyLCIBTe0sAqstrFI | E15: =IFERROR(__xludf.DUMMYFUNCTION("""COMPUTED_VALUE"""),"Reconoce los principios fundamentales de la lógica mediante el análisis de enunciados y situaciones cotidianas que permitan desarrollar habilidades de pensamiento crítico y razonamiento válido") -> Reconoce los principios fundamentales de la lógica mediante el análisis de enunciados y situaciones cotidianas que permitan desarrollar habilidades de pensamiento crítico y razonamiento válido
A16: =IFERROR(__xludf.DUMMYFUNCTION("""COMPUTED_VALUE"""),"107 - Área Matemática Intermedia 1") -> 107 - Área Matemática Intermedia 1
A17: =IFERROR(__xludf.DUMMYFUNCTION("""COMPUTED_VALUE"""),"150 - Fisica 1") -> 150 - Fisica 1
A18: =IFERROR(__xludf.DUMMYFUNCTION("""COMPUTED_VALUE"""),"1 - Ética Profesional") -> 1 - Ética Profesional
A19: =IFERROR(__xludf.DUMMYFUNCTION("""COMPUTED_VALUE"""),"9 - Idioma Técnico 3") -> 9 - Idioma Técnico 3
A20: =IFERROR(__xludf.DUMMYFUNCTION("""COMPUTED_VALUE"""),"796 - Lenguajes Formales y de Programación") -> 796 - Lenguajes Formales y de Programación | B20: =IFERROR(__xludf.DUMMYFUNCTION("""COMPUTED_VALUE"""),"1-dPQ2ZCWWgBi4gyaV8KmnDWxF063I-zfJutKPMwJjrw") -> 1-dPQ2ZCWWgBi4gyaV8KmnDWxF063I-zfJutKPMwJjrw | C20: =IFERROR(__xludf.DUMMYFUNCTION("""COMPUTED_VALUE"""),"14p5IrzE6q20i9mtWRrbgJgIQTyfVIS4RiO1JbrFY3Ng") -> 14p5IrzE6q20i9mtWRrbgJgIQTyfVIS4RiO1JbrFY3Ng
A21: =IFERROR(__xludf.DUMMYFUNCTION("""COMPUTED_VALUE"""),"771 - Introducción a la Programación y Computación 2") -> 771 - Introducción a la Programación y Computación 2 | B21: =IFERROR(__xludf.DUMMYFUNCTION("""COMPUTED_VALUE"""),"1__RmanO4MiKBpppCFzGzdDC2fWb5cD2m02xjOur_6nk") -> 1__RmanO4MiKBpppCFzGzdDC2fWb5cD2m02xjOur_6nk | C21: =IFERROR(__xludf.DUMMYFUNCTION("""COMPUTED_VALUE"""),"1hwyEeHtTnYmAXwVixwCmwcQ_1S6x1ID8qghxNj_2les") -> 1hwyEeHtTnYmAXwVixwCmwcQ_1S6x1ID8qghxNj_2les
A22: =IFERROR(__xludf.DUMMYFUNCTION("""COMPUTED_VALUE"""),"112 - Área Matemática Intermedia 2") -> 112 - Área Matemática Intermedia 2
A23: =IFERROR(__xludf.DUMMYFUNCTION("""COMPUTED_VALUE"""),"114 - Área Matemática Intermedia 3") -> 114 - Área Matemática Intermedia 3
A24: =IFERROR(__xludf.DUMMYFUNCTION("""COMPUTED_VALUE"""),"152 - Física 2") -> 152 - Física 2
A25: =IFERROR(__xludf.DUMMYFUNCTION("""COMPUTED_VALUE"""),"10 - Lógica") -> 10 - Lógica | E25: =E17
A26: =IFERROR(__xludf.DUMMYFUNCTION("""COMPUTED_VALUE"""),"11 - Idioma Técnico 4") -> 11 - Idioma Técnico 4
A27: =IFERROR(__xludf.DUMMYFUNCTION("""COMPUTED_VALUE"""),"2025 - Prácticas Iniciales") -> 2025 - Prácticas Iniciales
A28: =IFERROR(__xludf.DUMMYFUNCTION("""COMPUTED_VALUE"""),"732 - Estadística 1") -> 732 - Estadística 1
A29: =IFERROR(__xludf.DUMMYFUNCTION("""COMPUTED_VALUE"""),"777 - Organización de Lenguajes y Compiladores 1") -> 777 - Organización de Lenguajes y Compiladores 1 | B29: =IFERROR(__xludf.DUMMYFUNCTION("""COMPUTED_VALUE"""),"1sMJr8kYIDF7fR6Jn6GMDZp8CdJCeGqxbVA5UTdBCrkM") -> 1sMJr8kYIDF7fR6Jn6GMDZp8CdJCeGqxbVA5UTdBCrkM | C29: =IFERROR(__xludf.DUMMYFUNCTION("""COMPUTED_VALUE"""),"1sznB5glJmAKD25Jh38PR_uvVmYLeupPdQfr5Z_cGdy0") -> 1sznB5glJmAKD25Jh38PR_uvVmYLeupPdQfr5Z_cGdy0
A30: =IFERROR(__xludf.DUMMYFUNCTION("""COMPUTED_VALUE"""),"964 - Organización Computacional") -> 964 - Organización Computacional | B30: =IFERROR(__xludf.DUMMYFUNCTION("""COMPUTED_VALUE"""),"1daYmFoqU1khKZXb4p_ygv5jH4tkv8-tTjdTDSUh72F0") -> 1daYmFoqU1khKZXb4p_ygv5jH4tkv8-tTjdTDSUh72F0 | C30: =IFERROR(__xludf.DUMMYFUNCTION("""COMPUTED_VALUE"""),"1Iu2w--EUMRmqIHGvbgJsupMFeebEMTKXZFzhrwGZtOs") -> 1Iu2w--EUMRmqIHGvbgJsupMFeebEMTKXZFzhrwGZtOs
A31: =IFERROR(__xludf.DUMMYFUNCTION("""COMPUTED_VALUE"""),"772 - Estructuras de Datos") -> 772 - Estructuras de Datos | B31: =IFERROR(__xludf.DUMMYFUNCTION("""COMPUTED_VALUE"""),"1rTNY7hLmB5N26Z2z6EtF0axcaKKizdu0eLKqLiwUhto") -> 1rTNY7hLmB5N26Z2z6EtF0axcaKKizdu0eLKqLiwUhto | C31: =IFERROR(__xludf.DUMMYFUNCTION("""COMPUTED_VALUE"""),"1e8AAZ395NIODTRjmbwP3Bvdb1OJlsJawLywq7NixwcM") -> 1e8AAZ395NIODTRjmbwP3Bvdb1OJlsJawLywq7NixwcM
A32: =IFERROR(__xludf.DUMMYFUNCTION("""COMPUTED_VALUE"""),"116 - Matemática Aplicada 3") -> 116 - Matemática Aplicada 3
A33: =IFERROR(__xludf.DUMMYFUNCTION("""COMPUTED_VALUE"""),"118 - Matemática Aplicada 1") -> 118 - Matemática Aplicada 1
A34: =IFERROR(__xludf.DUMMYFUNCTION("""COMPUTED_VALUE"""),"18 - Filosofía de la Ciencia") -> 18 - Filosofía de la Ciencia
A35: =IFERROR(__xludf.DUMMYFUNCTION("""COMPUTED_VALUE"""),"722 - Teoría de Sistemas 1") -> 722 - Teoría de Sistemas 1 | B35: =IFERROR(__xludf.DUMMYFUNCTION("""COMPUTED_VALUE"""),"1npGvBttUX2JHkjnmDRQmNhZacltUudlNKCQsLV09BaU") -> 1npGvBttUX2JHkjnmDRQmNhZacltUudlNKCQsLV09BaU | C35: =IFERROR(__xludf.DUMMYFUNCTION("""COMPUTED_VALUE"""),"1hMUPf0qs2ca-iLxfgxe8cYMynK4MJCa34p7GqRHJXbE") -> 1hMUPf0qs2ca-iLxfgxe8cYMynK4MJCa34p7GqRHJXbE
A36: =IFERROR(__xludf.DUMMYFUNCTION("""COMPUTED_VALUE"""),"601 - Investigación de Operaciones 1") -> 601 - Investigación de Operaciones 1
A37: =IFERROR(__xludf.DUMMYFUNCTION("""COMPUTED_VALUE"""),"14 - Economía") -> 14 - Economía | B37: =IFERROR(__xludf.DUMMYFUNCTION("""COMPUTED_VALUE"""),"169ieOogZaXHMs_PddYQfqqWTOgqfbgT1NUf8dchmb4U") -> 169ieOogZaXHMs_PddYQfqqWTOgqfbgT1NUf8dchmb4U | C37: =IFERROR(__xludf.DUMMYFUNCTION("""COMPUTED_VALUE"""),"1aRV1pjb7CPc1NcugRe2l92I-OqNZYb_4YmhuHZtvXzs") -> 1aRV1pjb7CPc1NcugRe2l92I-OqNZYb_4YmhuHZtvXzs
A38: =IFERROR(__xludf.DUMMYFUNCTION("""COMPUTED_VALUE"""),"781 - Organización de Lenguajes y Compiladores 2") -> 781 - Organización de Lenguajes y Compiladores 2 | B38: =IFERROR(__xludf.DUMMYFUNCTION("""COMPUTED_VALUE"""),"18dQYgiKWkpI2wogupgHf8u3PbCa0cKqMH6-ZsAIhLPw") -> 18dQYgiKWkpI2wogupgHf8u3PbCa0cKqMH6-ZsAIhLPw | C38: =IFERROR(__xludf.DUMMYFUNCTION("""COMPUTED_VALUE"""),"1FvDr2nu5sW0gxDkpPanB4sWbi78KZCAhc6wrywlrvlE") -> 1FvDr2nu5sW0gxDkpPanB4sWbi78KZCAhc6wrywlrvlE
A39: =IFERROR(__xludf.DUMMYFUNCTION("""COMPUTED_VALUE"""),"778 - Arquitectura de Computadoras y Ensambladores 1") -> 778 - Arquitectura de Computadoras y Ensambladores 1 | B39: =IFERROR(__xludf.DUMMYFUNCTION("""COMPUTED_VALUE"""),"13gNb-7XS_aMptaL1TLnLB5k06Y_okRzOgjzOxLHNuiI") -> 13gNb-7XS_aMptaL1TLnLB5k06Y_okRzOgjzOxLHNuiI | C39: =IFERROR(__xludf.DUMMYFUNCTION("""COMPUTED_VALUE"""),"1dlO25kugHQowRwF3LcOkrFuLGg-hP9mn9OW7x7GssMc") -> 1dlO25kugHQowRwF3LcOkrFuLGg-hP9mn9OW7x7GssMc
A40: =IFERROR(__xludf.DUMMYFUNCTION("""COMPUTED_VALUE"""),"773 - Manejo e Implementación de Archivos") -> 773 - Manejo e Implementación de Archivos | B40: =IFERROR(__xludf.DUMMYFUNCTION("""COMPUTED_VALUE"""),"1VDaIod2C3XfezxQfz50xvWZ9yVVdVvNIqd-1xbJmaD8") -> 1VDaIod2C3XfezxQfz50xvWZ9yVVdVvNIqd-1xbJmaD8 | C40: =IFERROR(__xludf.DUMMYFUNCTION("""COMPUTED_VALUE"""),"1MkqyTtzzzyQyC--twNt__AoC_Sd0UBC67j0f9nktivE") -> 1MkqyTtzzzyQyC--twNt__AoC_Sd0UBC67j0f9nktivE
A41: =IFERROR(__xludf.DUMMYFUNCTION("""COMPUTED_VALUE"""),"122 - Matemática Aplicada 4") -> 122 - Matemática Aplicada 4
A42: =IFERROR(__xludf.DUMMYFUNCTION("""COMPUTED_VALUE"""),"120 - Matemática Aplicada 2") -> 120 - Matemática Aplicada 2
A43: =IFERROR(__xludf.DUMMYFUNCTION("""COMPUTED_VALUE"""),"200 - Ingeniería Eléctrica 1") -> 200 - Ingeniería Eléctrica 1
A44: =IFERROR(__xludf.DUMMYFUNCTION("""COMPUTED_VALUE"""),"724 - Teoría de Sistemas 2") -> 724 - Teoría de Sistemas 2 | B44: =IFERROR(__xludf.DUMMYFUNCTION("""COMPUTED_VALUE"""),"1Oh-yJJ9oc8SdDPJao-u31YXfwOPrsifu2o1a7Sf2-9k") -> 1Oh-yJJ9oc8SdDPJao-u31YXfwOPrsifu2o1a7Sf2-9k | C44: =IFERROR(__xludf.DUMMYFUNCTION("""COMPUTED_VALUE"""),"1O2rxycdV4XrytI_g4llqenReY8-rYp3frKI7rd6fNMI") -> 1O2rxycdV4XrytI_g4llqenReY8-rYp3frKI7rd6fNMI
A45: =IFERROR(__xludf.DUMMYFUNCTION("""COMPUTED_VALUE"""),"603 - Investigación de Operaciones 2") -> 603 - Investigación de Operaciones 2
A46: =IFERROR(__xludf.DUMMYFUNCTION("""COMPUTED_VALUE"""),"734 - Estadística 2") -> 734 - Estadística 2
A47: =IFERROR(__xludf.DUMMYFUNCTION("""COMPUTED_VALUE"""),"281 - Sistemas Operativos 1") -> 281 - Sistemas Operativos 1 | B47: =IFERROR(__xludf.DUMMYFUNCTION("""COMPUTED_VALUE"""),"1RAzDRLQZEv8Ck7PxnFQbrklrekiw5bDJFX0wgP7vFSQ") -> 1RAzDRLQZEv8Ck7PxnFQbrklrekiw5bDJFX0wgP7vFSQ | C47: =IFERROR(__xludf.DUMMYFUNCTION("""COMPUTED_VALUE"""),"145JPmfq4pDEEE_ipNtWzYQNDVrAg9WOQ9ocmZu_NegE") -> 145JPmfq4pDEEE_ipNtWzYQNDVrAg9WOQ9ocmZu_NegE
A48: =IFERROR(__xludf.DUMMYFUNCTION("""COMPUTED_VALUE"""),"779 - Arquitectura de Computadoras y Ensambladores 2") -> 779 - Arquitectura de Computadoras y Ensambladores 2 | B48: =IFERROR(__xludf.DUMMYFUNCTION("""COMPUTED_VALUE"""),"1_uxBhWcRvgBlCjf2s6O-Hvly7rBvJyZdswUKwm6KP5Y") -> 1_uxBhWcRvgBlCjf2s6O-Hvly7rBvJyZdswUKwm6KP5Y | C48: =IFERROR(__xludf.DUMMYFUNCTION("""COMPUTED_VALUE"""),"1dqk67SNWBGb15fqe17ZBfmxUg9pla5H7nqVOrGHYEJ4") -> 1dqk67SNWBGb15fqe17ZBfmxUg9pla5H7nqVOrGHYEJ4
A49: =IFERROR(__xludf.DUMMYFUNCTION("""COMPUTED_VALUE"""),"970 - Redes de Computadoras 1") -> 970 - Redes de Computadoras 1 | B49: =IFERROR(__xludf.DUMMYFUNCTION("""COMPUTED_VALUE"""),"1z_6lSkIcVZpEVQ4tR8c-eSvVvTxWsXwhmFojsLWeBGc") -> 1z_6lSkIcVZpEVQ4tR8c-eSvVvTxWsXwhmFojsLWeBGc | C49: =IFERROR(__xludf.DUMMYFUNCTION("""COMPUTED_VALUE"""),"18wRQLI8Pz51ZFEFWKE1SD6XVhlxOdJa1PpxDFo2dRT4") -> 18wRQLI8Pz51ZFEFWKE1SD6XVhlxOdJa1PpxDFo2dRT4
A50: =IFERROR(__xludf.DUMMYFUNCTION("""COMPUTED_VALUE"""),"774 - Sistemas de Bases de Datos 1") -> 774 - Sistemas de Bases de Datos 1 | B50: =IFERROR(__xludf.DUMMYFUNCTION("""COMPUTED_VALUE"""),"1h1zzA1-Xq9ihet57bP4f0PLQnKeojJUanhgpuP67hKs") -> 1h1zzA1-Xq9ihet57bP4f0PLQnKeojJUanhgpuP67hKs | C50: =IFERROR(__xludf.DUMMYFUNCTION("""COMPUTED_VALUE"""),"1xYInTWRmhz45q5vjazDVsb1EGOCbYqibWRBgZMK1g2I") -> 1xYInTWRmhz45q5vjazDVsb1EGOCbYqibWRBgZMK1g2I
A51: =IFERROR(__xludf.DUMMYFUNCTION("""COMPUTED_VALUE"""),"2036 - Prácticas Intermedias") -> 2036 - Prácticas Intermedias
A52: =IFERROR(__xludf.DUMMYFUNCTION("""COMPUTED_VALUE"""),"285 - Sistemas Operativos 2") -> 285 - Sistemas Operativos 2 | B52: =IFERROR(__xludf.DUMMYFUNCTION("""COMPUTED_VALUE"""),"1VCx3jdfVNJvtMfY5j_W624CAT1QxC-9qVw_ts_erFM8") -> 1VCx3jdfVNJvtMfY5j_W624CAT1QxC-9qVw_ts_erFM8 | C52: =IFERROR(__xludf.DUMMYFUNCTION("""COMPUTED_VALUE"""),"1ssmi68Gibgtkl07Zn0H_wQWjqhj_SfcpUhCdmyvVjb4") -> 1ssmi68Gibgtkl07Zn0H_wQWjqhj_SfcpUhCdmyvVjb4
A53: =IFERROR(__xludf.DUMMYFUNCTION("""COMPUTED_VALUE"""),"975 - Redes de Computadoras 2") -> 975 - Redes de Computadoras 2 | B53: =IFERROR(__xludf.DUMMYFUNCTION("""COMPUTED_VALUE"""),"1JcTacSIMIoXQmOixc1cssvrK_MVzZYH-Yo4FFSny6Nk") -> 1JcTacSIMIoXQmOixc1cssvrK_MVzZYH-Yo4FFSny6Nk | C53: =IFERROR(__xludf.DUMMYFUNCTION("""COMPUTED_VALUE"""),"1JLgRGqqoVVNY2eFrI2m3ylhPGOUPiyZN7_tK8VnOywQ") -> 1JLgRGqqoVVNY2eFrI2m3ylhPGOUPiyZN7_tK8VnOywQ
A54: =IFERROR(__xludf.DUMMYFUNCTION("""COMPUTED_VALUE"""),"775 - Sistemas de Bases de Datos 2") -> 775 - Sistemas de Bases de Datos 2 | B54: =IFERROR(__xludf.DUMMYFUNCTION("""COMPUTED_VALUE"""),"1TCVGX95CGGMGYvyB2K8cDve9RSMthqD6Tc1-CrmctiM") -> 1TCVGX95CGGMGYvyB2K8cDve9RSMthqD6Tc1-CrmctiM | C54: =IFERROR(__xludf.DUMMYFUNCTION("""COMPUTED_VALUE"""),"1c8vA2_5i-ARXIPU3ZxB3bwcKRbWh46erGG5KH3wrJyU") -> 1c8vA2_5i-ARXIPU3ZxB3bwcKRbWh46erGG5KH3wrJyU
A55: =IFERROR(__xludf.DUMMYFUNCTION("""COMPUTED_VALUE"""),"283 - Análisis y Diseño de Sistemas 1") -> 283 - Análisis y Diseño de Sistemas 1 | B55: =IFERROR(__xludf.DUMMYFUNCTION("""COMPUTED_VALUE"""),"1Y3HF-OxPbgEhNi6pNhbpImrQsH3btlYO6xtsnryrunY") -> 1Y3HF-OxPbgEhNi6pNhbpImrQsH3btlYO6xtsnryrunY | C55: =IFERROR(__xludf.DUMMYFUNCTION("""COMPUTED_VALUE"""),"12umvxFMZmSLGZenSQOXCnUePgu7-gug8FmFRz5MKlkE") -> 12umvxFMZmSLGZenSQOXCnUePgu7-gug8FmFRz5MKlkE
A56: =IFERROR(__xludf.DUMMYFUNCTION("""COMPUTED_VALUE"""),"797 - Seminario de Sistemas 1") -> 797 - Seminario de Sistemas 1 | B56: =IFERROR(__xludf.DUMMYFUNCTION("""COMPUTED_VALUE"""),"1VXfuZgL8iNYOe8XfW_5s4rVnIq-_Xurqk8xlOGGexqY") -> 1VXfuZgL8iNYOe8XfW_5s4rVnIq-_Xurqk8xlOGGexqY | C56: =IFERROR(__xludf.DUMMYFUNCTION("""COMPUTED_VALUE"""),"1eWOPuodcZlQ4YNCFI3CQ-Zpw7nxkVx7vi3XlMdj8he4") -> 1eWOPuodcZlQ4YNCFI3CQ-Zpw7nxkVx7vi3XlMdj8he4
A57: =IFERROR(__xludf.DUMMYFUNCTION("""COMPUTED_VALUE"""),"700 - Ingeniería Económica 1") -> 700 - Ingeniería Económica 1
A58: =IFERROR(__xludf.DUMMYFUNCTION("""COMPUTED_VALUE"""),"729 - Modelación y Simulación 1") -> 729 - Modelación y Simulación 1 | B58: =IFERROR(__xludf.DUMMYFUNCTION("""COMPUTED_VALUE"""),"17u8GNz3HZ-i9KS-yxFiuJx9u7OawTwjyLcvLoG_x6W8") -> 17u8GNz3HZ-i9KS-yxFiuJx9u7OawTwjyLcvLoG_x6W8 | C58: =IFERROR(__xludf.DUMMYFUNCTION("""COMPUTED_VALUE"""),"1NFJSyWLsOrGAG7qFKpXyw79GRTTb4abmj-M6aBddS5U") -> 1NFJSyWLsOrGAG7qFKpXyw79GRTTb4abmj-M6aBddS5U
A59: =IFERROR(__xludf.DUMMYFUNCTION("""COMPUTED_VALUE"""),"786 - Sistemas Organizacionales y Gerenciales 1") -> 786 - Sistemas Organizacionales y Gerenciales 1 | B59: =IFERROR(__xludf.DUMMYFUNCTION("""COMPUTED_VALUE"""),"1VTtCckO64u9REDx8UoxNJrYiavZGQU_hh4HvsOUiqlc") -> 1VTtCckO64u9REDx8UoxNJrYiavZGQU_hh4HvsOUiqlc | C59: =IFERROR(__xludf.DUMMYFUNCTION("""COMPUTED_VALUE"""),"1dMwVEKpg3j4uCN3CqoVXOWkBQbHNw7DIhtU8Bhc5Mqc") -> 1dMwVEKpg3j4uCN3CqoVXOWkBQbHNw7DIhtU8Bhc5Mqc
A60: =IFERROR(__xludf.DUMMYFUNCTION("""COMPUTED_VALUE"""),"972 - Inteligencia Artificial 1") -> 972 - Inteligencia Artificial 1 | B60: =IFERROR(__xludf.DUMMYFUNCTION("""COMPUTED_VALUE"""),"1C04a6qH3d2zJVb1hJwa6tsRQVM9LUb_nwyxMovG5tdI") -> 1C04a6qH3d2zJVb1hJwa6tsRQVM9LUb_nwyxMovG5tdI | C60: =IFERROR(__xludf.DUMMYFUNCTION("""COMPUTED_VALUE"""),"1CEh1GcUg3ntzgPT9yUocLDlrLJKmZCCl1MWUrEyfwzg") -> 1CEh1GcUg3ntzgPT9yUocLDlrLJKmZCCl1MWUrEyfwzg
A61: =IFERROR(__xludf.DUMMYFUNCTION("""COMPUTED_VALUE"""),"966 - Seguridad y Auditoría de Redes de Computadoras") -> 966 - Seguridad y Auditoría de Redes de Computadoras
A62: =IFERROR(__xludf.DUMMYFUNCTION("""COMPUTED_VALUE"""),"785 - Análisis y Diseño de Sistemas 2") -> 785 - Análisis y Diseño de Sistemas 2 | B62: =IFERROR(__xludf.DUMMYFUNCTION("""COMPUTED_VALUE"""),"1_ufF1kvClwUUTsCz0V0fLuXjs_JRZWRSMCWkUEd8co4") -> 1_ufF1kvClwUUTsCz0V0fLuXjs_JRZWRSMCWkUEd8co4 | C62: =IFERROR(__xludf.DUMMYFUNCTION("""COMPUTED_VALUE"""),"1HaBdPkxZx1GRiw5WlqxQhbxPWuW-mZVFEoUho7tsLDY") -> 1HaBdPkxZx1GRiw5WlqxQhbxPWuW-mZVFEoUho7tsLDY
A63: =IFERROR(__xludf.DUMMYFUNCTION("""COMPUTED_VALUE"""),"798 - Seminario de Sistemas 2") -> 798 - Seminario de Sistemas 2 | B63: =IFERROR(__xludf.DUMMYFUNCTION("""COMPUTED_VALUE"""),"1v6hbJdWzxkj7s5D7oM894pu3kMAvhEZGXUMfRFv7yKQ") -> 1v6hbJdWzxkj7s5D7oM894pu3kMAvhEZGXUMfRFv7yKQ | C63: =IFERROR(__xludf.DUMMYFUNCTION("""COMPUTED_VALUE"""),"1LxPO_wuZRiAXrS1EicVG-gQWzjILKll8Nqvs3MS7G_k") -> 1LxPO_wuZRiAXrS1EicVG-gQWzjILKll8Nqvs3MS7G_k
A64: =IFERROR(__xludf.DUMMYFUNCTION("""COMPUTED_VALUE"""),"788 - Sistemas Aplicados 1") -> 788 - Sistemas Aplicados 1
A65: =IFERROR(__xludf.DUMMYFUNCTION("""COMPUTED_VALUE"""),"776 - Bases de Datos Avanzadas") -> 776 - Bases de Datos Avanzadas | B65: =IFERROR(__xludf.DUMMYFUNCTION("""COMPUTED_VALUE"""),"1SZ2dJz29IsruB5vMYQ514xwGe6wyVx6cjMu_iwnHpFo") -> 1SZ2dJz29IsruB5vMYQ514xwGe6wyVx6cjMu_iwnHpFo
A66: =IFERROR(__xludf.DUMMYFUNCTION("""COMPUTED_VALUE"""),"2009 - Prácticas Finales Ingeniería Ciencias y Sistemas") -> 2009 - Prácticas Finales Ingeniería Ciencias y Sistemas
A67: =IFERROR(__xludf.DUMMYFUNCTION("""COMPUTED_VALUE"""),"720 - Modelación y Simulación 2") -> 720 - Modelación y Simulación 2 | B67: =IFERROR(__xludf.DUMMYFUNCTION("""COMPUTED_VALUE"""),"1ebc3-I4AbsLDHtzhtolQz7pqZDPvmSE0yZJu1xY6lLY") -> 1ebc3-I4AbsLDHtzhtolQz7pqZDPvmSE0yZJu1xY6lLY | C67: =IFERROR(__xludf.DUMMYFUNCTION("""COMPUTED_VALUE"""),"1VnSdYE6hCH1oAG4XdaAltDp-IuIjLZzv9KdrOGh2-0Y") -> 1VnSdYE6hCH1oAG4XdaAltDp-IuIjLZzv9KdrOGh2-0Y
A68: =IFERROR(__xludf.DUMMYFUNCTION("""COMPUTED_VALUE"""),"787 - Sistemas Organizacionales y Gerenciales 2") -> 787 - Sistemas Organizacionales y Gerenciales 2 | B68: =IFERROR(__xludf.DUMMYFUNCTION("""COMPUTED_VALUE"""),"1KpYHYX_EAJ-h4GLtSoCT8Rqz-xU4Qh5pUnEiPyxmEZA") -> 1KpYHYX_EAJ-h4GLtSoCT8Rqz-xU4Qh5pUnEiPyxmEZA | C68: =IFERROR(__xludf.DUMMYFUNCTION("""COMPUTED_VALUE"""),"106SYnPHxQ47_qT62NOXndjd6mPwE7LV7AXR9D4-euB8") -> 106SYnPHxQ47_qT62NOXndjd6mPwE7LV7AXR9D4-euB8
A69: =IFERROR(__xludf.DUMMYFUNCTION("""COMPUTED_VALUE"""),"790 - Emprendedores de Negocios Informáticos") -> 790 - Emprendedores de Negocios Informáticos
A70: =IFERROR(__xludf.DUMMYFUNCTION("""COMPUTED_VALUE"""),"968 - Inteligencia Artificial 2") -> 968 - Inteligencia Artificial 2
A71: =IFERROR(__xludf.DUMMYFUNCTION("""COMPUTED_VALUE"""),"974 - Redes de Nueva Generación") -> 974 - Redes de Nueva Generación
A72: =IFERROR(__xludf.DUMMYFUNCTION("""COMPUTED_VALUE"""),"780 - Software Avanzado") -> 780 - Software Avanzado | B72: =IFERROR(__xludf.DUMMYFUNCTION("""COMPUTED_VALUE"""),"1SZ2dJz29IsruB5vMYQ514xwGe6wyVx6cjMu_iwnHpFo") -> 1SZ2dJz29IsruB5vMYQ514xwGe6wyVx6cjMu_iwnHpFo | C72: =IFERROR(__xludf.DUMMYFUNCTION("""COMPUTED_VALUE"""),"13JrqVT0c3I6SzCOF1sKpi1qJKOryNTT4TsCaNwuV-24") -> 13JrqVT0c3I6SzCOF1sKpi1qJKOryNTT4TsCaNwuV-24
